Date,portfolio,market
2012-01-03,0,0.0001879238
2012-01-04,0,0.0029437171
2012-01-05,0,-0.0025369615
2012-01-06,0,0.0022615975
2012-01-09,-0.0031171028,0.0088857698
2012-01-10,-0.0017965401,0.0003095969
2012-01-11,-0.0011085273,0.0023366087
2012-01-12,0.004346742,-0.0049479228
2012-01-13,-0.0018912309,0.0035529545
2012-01-17,0.0024400767,0.011107929
2012-01-18,-0.0041997854,0.0049386569
2012-01-19,0.0015552856,0.0006694599
2012-01-20,-0.0011612796,0.0004713429
2012-01-23,-0.000251536,-0.0010258176
2012-01-24,0.0004615458,0.0086791426
2012-01-25,0.0031801051,-0.005753891
2012-01-26,-0.0031165832,-0.0015928778
2012-01-27,-0.0008664154,-0.002522123
2012-01-30,-0.000063701,-0.000456947
2012-01-31,0.0100005126,0.0088996058
2012-02-01,0.0012484048,0.0010951469
2012-02-02,-0.0046682174,0.0146053566
2012-02-03,0.0024988196,-0.0004238739
2012-02-06,0.0011027569,0.002023382
2012-02-07,-0.004721701,0.0021602108
2012-02-08,0.0003131411,0.0014741104
2012-02-09,0.0034604341,-0.0068863023
2012-02-10,-0.0036497572,0.0068000394
2012-02-13,0.0046045908,-0.0009395237
2012-02-14,0.0008371656,-0.0053832062
2012-02-15,0.0019004156,0.0110257061
2012-02-16,0.0018954019,0.00234893
2012-02-17,0.0009765358,0.0007199232
2012-02-21,0.0003516345,-0.003340107
2012-02-22,-0.0023913043,0.0042720025
2012-02-23,-0.0029750657,0.0016722376
2012-02-24,0.0012415148,0.0013545594
2012-02-27,0.0016430361,0.0033563335
2012-02-28,0.0003075265,-0.0047369877
2012-02-29,0.0018051591,0.0061580397
2012-03-01,-0.0003233506,-0.0032457562
2012-03-02,0.0004821707,-0.003869694
2012-03-05,-0.0060130107,-0.0153701609
2012-03-06,0.003356376,0.0069006224
2012-03-07,-0.0003286725,0.0098179317
2012-03-08,0.0010953407,0.0036312501
2012-03-09,-0.0005646215,0.0001604609
2012-03-12,-0.0050123659,0.0181315491
2012-03-13,-0.0042098815,-0.0011962621
2012-03-14,-0.0025175333,0.0059671994
2012-03-15,-0.0036715755,0.0011193983
2012-03-16,0.0027235679,0.0039738463
2012-03-19,-0.0059605752,-0.0030005178
2012-03-20,-0.0019820822,-0.0018711971
2012-03-21,-0.0002506763,-0.0072065421
2012-03-22,0.0033479699,0.0031088585
2012-03-23,-0.0003916685,0.0138858252
2012-03-26,0.0018925436,-0.002816775
2012-03-27,0.0032139635,-0.0049415094
2012-03-28,-0.0003429167,-0.00160793
2012-03-29,0.0031005917,0.0036984364
2012-03-30,0.0001137635,0.0075046456
2012-04-02,0.0051453853,-0.0039886359
2012-04-03,-0.0051432933,-0.0102025244
2012-04-04,0.0018261286,-0.0006290423
2012-04-05,-0.0050813172,-0.0113584384
2012-04-09,-0.0095405743,-0.0170814541
2012-04-10,0.0047383025,0.0074488957
2012-04-11,0.0015295526,0.0137793876
2012-04-12,0.007353532,-0.0124750007
2012-04-13,0.00153862,-0.0005036008
2012-04-16,-0.002108453,0.0154866738
2012-04-17,-0.0001358326,-0.0040552883
2012-04-18,0.0019728349,-0.0059343972
2012-04-19,0.0012676352,0.0011692654
2012-04-20,0.0009551157,-0.0084075702
2012-04-23,0.0009938295,0.003679774
2012-04-24,0.0033426007,0.0136445916
2012-04-25,-0.0015378054,0.0066801655
2012-04-26,-0.0140343057,0.0024143238
2012-04-27,-0.0010386247,-0.0038835018
2012-04-30,0.0003317592,0.0056583842
2012-05-01,0.0009116997,-0.0024966832
2012-05-02,0.001854862,-0.0076588718
2012-05-03,-0.0063859656,-0.0161472085
2012-05-04,0.0010906664,0.0003505807
2012-05-07,-0.0043823734,-0.0042786732
2012-05-08,-0.0015000818,-0.0067022667
2012-05-09,0.0022344003,0.0025174106
2012-05-10,-0.0045676219,-0.0033873409
2012-05-11,5.66753687807897E-05,-0.0111128639
2012-05-14,-0.0035194121,-0.0057458379
2012-05-15,-0.0031685465,-0.0044038183
2012-05-16,-0.0048196836,-0.0150513763
2012-05-17,-0.0044692293,-0.0073877766
2012-05-18,0.0049894977,0.0160359008
2012-05-21,0.0002650677,0.0004863373
2012-05-22,0.0010958596,0.0016937029
2012-05-23,0.0037854346,0.001380032
2012-05-24,-0.0015459825,-0.0021656328
2012-05-25,-0.0021304888,0.0110789779
2012-05-29,0.0014423835,-0.0143348924
2012-05-30,0.0038695124,-0.0022766653
2012-05-31,0.0020923213,-0.0246425848
2012-06-01,0.0012115347,0.0001095545
2012-06-04,0.0040827537,0.0057268504
2012-06-05,0.0115251048,0.023049401
2012-06-06,0.0010452737,-0.0001064648
2012-06-07,-0.0044297807,0.0081141637
2012-06-08,0.0078566062,-0.0126201134
2012-06-11,0.000572516,0.0116507371
2012-06-12,-0.0003422956,-0.0070232511
2012-06-13,-0.0010944573,0.010814653
2012-06-14,-0.0019024955,0.0103378152
2012-06-15,0.0025483036,0.0014447462
2012-06-18,-0.0054566425,0.0098156953
2012-06-19,-0.0007603226,-0.001686357
2012-06-20,0.0034040787,-0.0222616766
2012-06-21,0.0049207122,0.0071746044
2012-06-22,-0.0057172929,-0.0159548536
2012-06-25,0.001135727,0.0047727211
2012-06-26,0.0042796692,0.008984906
2012-06-27,8.46082618311777E-05,-0.0021097999
2012-06-28,-0.0020124292,0.0249202387
2012-06-29,0.0010833183,0.0024593116
2012-07-02,-0.0026243766,0.006232111
2012-07-03,0.0032590355,-0.0046870234
2012-07-05,0.0031541945,-0.0094326492
2012-07-06,-0.0007224013,-0.001638832
2012-07-09,-0.0038040169,-0.0081259263
2012-07-10,0.0012188256,-1.49239270597068E-05
2012-07-11,0.0004425677,-0.004987097
2012-07-12,0.0058797758,0.0164973619
2012-07-13,-0.0004681546,-0.0023143133
2012-07-16,-0.0023541907,0.0074096724
2012-07-17,0.0028777296,0.0066804907
2012-07-18,-0.0041120513,0.0027171003
2012-07-19,0.001211493,-0.0100616602
2012-07-20,0.0020723822,-0.0089090556
2012-07-23,-0.0033195293,-0.009040933
2012-07-24,-0.0013105015,-0.0003138615
2012-07-25,0.0046895293,0.0165409748
2012-07-26,0.0060184108,0.0190805654
2012-07-27,0.0026383413,-0.0004833597
2012-07-30,0.0019612078,-0.0043168287
2012-07-31,0.002155899,-0.0028999798
2012-08-01,-0.0013724322,-0.0075036693
2012-08-02,0.0108300857,0.0190402857
2012-08-03,-0.0037732403,0.0023292691
2012-08-06,-0.0051713609,0.0051067586
2012-08-07,-0.0023417203,0.0006208264
2012-08-08,-0.0002141,0.0004136855
2012-08-09,-0.0010213286,0.0021884416
2012-08-10,0.001307933,-0.001251901
2012-08-13,0.0012325509,-0.0001281459
2012-08-14,-0.0004682858,0.0011396401
2012-08-15,0.0012662989,0.0071005107
2012-08-16,-0.0006318673,0.0018721337
2012-08-17,-0.0030521193,-2.11746201275176E-05
2012-08-20,-0.0004056629,-0.0034975362
2012-08-21,0.003215414,0.000226403
2012-08-22,-0.0085171022,-0.0080722425
2012-08-23,0.0017249501,0.006454731
2012-08-24,-0.0005844384,-0.0004890152
2012-08-27,-0.0023437586,-0.0008081819
2012-08-28,0.0010991457,0.0008443489
2012-08-29,0.0007120035,-0.0078058051
2012-08-30,0.0029312733,0.0050732959
2012-08-31,0.0005391782,-0.0011659593
2012-09-04,0.0007707599,-0.0010676613
2012-09-05,0.0035388667,0.0204355407
2012-09-06,-0.0041300327,0.0040499742
2012-09-07,0.0040695035,-0.00614783
2012-09-10,-0.0051604449,0.0031349562
2012-09-11,-0.0008893205,0.0020926922
2012-09-12,-0.0023931344,0.0163097469
2012-09-13,-9.74116664886893E-05,0.0039589518
2012-09-14,0.003956413,-0.0031246914
2012-09-17,0.0017696018,-0.0012797754
2012-09-18,0.0009705718,0.0011855543
2012-09-19,-0.0016652467,-0.0005407337
2012-09-20,0.000230668,-7.53194631413212E-05
2012-09-21,-0.0036509625,-0.0022326535
2012-09-24,-0.0054063323,-0.0105018559
2012-09-25,0.0007515952,-0.0057367353
2012-09-26,0.0041225589,0.0096489817
2012-09-27,0.0001266963,-0.0044777528
2012-09-28,0.0025751979,0.0026515065
2012-10-01,0.0016738759,0.0008722871
2012-10-02,-0.0086192808,0.0036244095
2012-10-03,-0.0052625432,0.0071744354
2012-10-04,-0.000265427,-0.0003215889
2012-10-05,0.0006076427,-0.0034567357
2012-10-08,-0.000061579,-0.0098909422
2012-10-09,-0.00416556,-0.0061880297
2012-10-10,0.000508266,0.0001953894
2012-10-11,0.0005490914,-0.0029661373
2012-10-12,0.003723348,0.0080779225
2012-10-15,-0.0028584072,0.0102699332
2012-10-16,-0.0014613293,0.0041170579
2012-10-17,-0.0019281745,-0.0024437289
2012-10-18,0.0073893103,-0.016571305
2012-10-19,-0.0006373418,0.0004395823
2012-10-22,0.0008104605,-0.0144439063
2012-10-23,-0.0027977633,-0.0030853826
2012-10-24,-0.0005981396,0.0029955429
2012-10-25,0.0053110187,-0.0007289822
2012-10-26,0.0007937483,0.0001558799
2012-10-31,-0.005109983,0.0109264755
2012-11-01,-0.0017853601,-0.0093794544
2012-11-02,0.0004386266,0.0021638093
2012-11-05,-0.002854006,0.007853185
2012-11-06,0.011346468,-0.0237050005
2012-11-07,-0.0014762332,-0.0122048422
2012-11-08,-0.003185571,0.0016986926
2012-11-09,-0.0033019113,0.0001304874
2012-11-12,-0.0046723534,-0.0039854205
2012-11-13,-0.0032700207,-0.0138520357
2012-11-14,-0.0021258967,-0.0015935448
2012-11-15,-0.0001400318,0.0048399498
2012-11-16,0.0069939183,0.0198620539
2012-11-19,0.0051797583,0.0006633864
2012-11-20,-0.0029214172,0.0023201806
2012-11-21,-0.0032397388,0.0130263148
2012-11-23,0.0022405199,-0.0020295816
2012-11-26,0.0050809825,-0.0052265875
2012-11-27,-0.0008668442,0.0078560292
2012-11-28,-0.0013460985,0.0042696423
2012-11-29,-0.0022452473,0.0001625079
2012-11-30,0.00162116,-0.004745225
2012-12-03,-0.0042376642,-0.0017098123
2012-12-04,-0.0044662987,0.0015848619
2012-12-05,9.62738647077775E-05,0.0033065905
2012-12-06,-0.0006931636,0.0029209197
2012-12-07,0.0019999875,0.0003385609
2012-12-10,-0.0003214087,0.0065488821
2012-12-11,-0.0004926911,0.0004482393
2012-12-12,0.0032592632,-0.006321425
2012-12-13,0.0004209598,-0.0041354012
2012-12-14,0.0023399417,0.0118705906
2012-12-17,-0.0008745965,0.0114866566
2012-12-18,0.0016835539,-0.0075892007
2012-12-19,-0.0032478531,0.0054881089
2012-12-20,0.003587297,-0.0093786876
2012-12-21,2.72642615071444E-05,-0.0024402964
2012-12-24,-0.0016217156,-0.0047874601
2012-12-26,0.0003989075,-0.0012184417
2012-12-27,-0.0060214969,-0.0110499417
2012-12-28,0.0086801955,0.0169419408
2012-12-31,-0.0009939628,0.0254034207
2013-01-02,0.0008980705,-0.0020856176
2013-01-03,0.0026736566,0.0048650966
2013-01-04,-0.0002830725,-0.0031231161
2013-01-07,-0.0060537417,-0.0032423718
2013-01-08,-0.0053200986,0.0026558665
2013-01-09,0.0024589664,0.0075974147
2013-01-10,-0.0017164771,-4.75137897981703E-05
2013-01-11,-0.0089690449,-0.0009306715
2013-01-14,0.0007565337,0.0011286697
2013-01-15,-0.0021394578,0.0001969919
2013-01-16,0.0029918021,0.0056429218
2013-01-17,-0.0021906496,0.0034032704
2013-01-18,0.0003730404,0.0044281074
2013-01-22,0.0020193034,0.001507477
2013-01-23,0.0048130678,6.61421826841924E-06
2013-01-24,-0.0010242517,0.0054454819
2013-01-25,0.0001810753,-0.0018496215
2013-01-28,-0.0010630852,0.0051059951
2013-01-29,0.008083391,-0.0038996214
2013-01-30,-0.0045576409,-0.0025633014
2013-01-31,0.0065866217,0.0100527058
2013-02-01,-0.0001999339,-0.0115387448
2013-02-04,0.0046512906,0.0104165102
2013-02-05,-0.0006880536,0.0005491706
2013-02-06,0.0010557119,-0.001805399
2013-02-07,0.000590772,0.0056579406
2013-02-08,-0.0026230036,-0.0006061175
2013-02-11,-0.0006331617,0.0015952723
2013-02-12,0.003913032,0.0005922629
2013-02-13,6.76207868892582E-05,0.0006906718
2013-02-14,0.0025823318,-0.0010450814
2013-02-15,0.0013197344,0.0073364752
2013-02-19,0.0011402047,-0.0124041378
2013-02-20,-0.0025027629,-0.0063030572
2013-02-21,-0.0175730047,0.0087724682
2013-02-22,-0.0100924751,-0.0183095807
2013-02-25,0.0024963579,0.0061094634
2013-02-26,0.0055827159,0.0127259942
2013-02-27,0.000051369,-0.0008640796
2013-02-28,-0.000189482,0.0023238551
2013-03-01,-0.0010222335,0.0046107234
2013-03-04,-0.001014971,0.0095660166
2013-03-05,0.0013101538,0.0010845128
2013-03-06,-0.0002542847,0.0018164916
2013-03-07,0.0007107319,0.0044811392
2013-03-08,2.3644310467863E-11,0.0032490857
2013-03-11,0.0015221099,-0.0024032534
2013-03-12,0.0005947426,0.0013140524
2013-03-13,0.0016897467,0.0056029899
2013-03-14,-0.0015995671,-0.0016184624
2013-03-15,-0.0006406739,-0.0055103321
2013-03-18,0.0005554117,-0.0024225308
2013-03-19,-0.0002007753,0.0066974923
2013-03-20,-0.0028649064,-0.0082824338
2013-03-21,0.0077828149,0.0071742565
2013-03-22,-0.0013141891,-0.0033400394
2013-03-25,0.0053332957,0.0077851114
2013-03-26,-0.0005816658,-0.0005883499
2013-03-27,-0.0011543912,0.004056669
2013-03-28,0.0010130828,-0.0044735802
2013-04-01,-0.0093732902,0.0051722641
2013-04-02,-0.0059056968,-0.010546129
2013-04-03,0.0060460569,0.0040484519
2013-04-04,-0.0037395939,-0.0042948955
2013-04-05,0.0061146957,0.006302738
2013-04-08,0.0030973037,0.0035443321
2013-04-09,0.0017889086,0.0121891325
2013-04-10,-1.47975578838888E-10,0.0035522507
2013-04-11,0.0001368364,-0.0028367667
2013-04-12,-0.003734068,-0.0229662911
2013-04-15,0.0061927524,0.0143072233
2013-04-16,-0.0066016611,-0.0143276811
2013-04-17,-0.0049151007,-0.0067010038
2013-04-18,0.0017004698,0.0088479026
2013-04-19,0.0039683647,0.00466163
2013-04-22,0.0063709188,0.0104192186
2013-04-23,0.0013813159,6.34033862612071E-06
2013-04-24,0.0029158647,0.0040347322
2013-04-25,0.003741134,-0.0018421131
2013-04-26,-0.0017677831,0.0071860116
2013-04-29,0.000654603,0.0024848997
2013-04-30,-0.0050636132,-0.0093078835
2013-05-01,0.0064714834,0.0094079835
2013-05-02,0.0009938904,0.0105346668
2013-05-03,0.0057612265,0.0019077786
2013-05-06,0.0023878141,0.0052302696
2013-05-07,0.0039721256,0.004139081
2013-05-08,-0.0014333347,-0.0036871036
2013-05-09,0.0001312261,0.0043216552
2013-05-10,0.0022784956,4.2889760728082E-05
2013-05-13,0.0016854695,0.0101421533
2013-05-14,6.75834182454344E-11,0.005114136
2013-05-15,0.0026568568,-0.0050097408
2013-05-16,0.0031262845,0.0103000965
2013-05-17,-0.0006044733,-0.0007076181
2013-05-20,-0.0028107917,0.0017223862
2013-05-21,-0.0007978048,-0.0082736572
2013-05-22,9.88267085317781E-07,-0.0029238325
2013-05-23,0.005185327,-0.0005513653
2013-05-24,0.0057622291,0.0063409815
2013-05-28,-0.0035138024,-0.0070479824
2013-05-29,0.0010223232,0.0036703445
2013-05-30,-0.005955007,-0.0143072416
2013-05-31,0.0074948538,0.0059359886
2013-06-03,-0.0026398133,-0.0055108075
2013-06-04,-0.0099458942,-0.0137797331
2013-06-05,0.0093737899,0.0084902945
2013-06-06,0.0098777561,0.012831541
2013-06-07,1.02347071545853E-10,-0.0003468133
2013-06-10,3.13247249320026E-11,-0.0101533673
2013-06-11,0.0039513594,-0.0083695553
2013-06-12,0.0081031332,0.0147842909
2013-06-13,-0.0037426605,-0.0058850162
2013-06-14,0.0078466377,0.0075673647
2013-06-17,5.01506709424393E-11,0.0077911581
2013-06-18,1.00796310534279E-10,-0.0138514746
2013-06-19,-0.0156447781,-0.0250103514
2013-06-20,-0.0002521221,0.002669777
2013-06-21,-0.01391975,-0.0121450157
2013-06-24,0.0126885578,0.0094972718
2013-06-25,0.0120711535,0.0095904868
2013-06-26,0.0045219254,0.0061998309
2013-06-27,1.90651830260513E-10,-0.0042895625
2013-06-28,0.0019111944,0.0054037477
2013-07-01,0.0007659141,-0.0005449082
2013-07-02,0.0022938209,0.0008240472
2013-07-03,0.0034010512,0.0102017325
2013-07-05,0.0004802273,0.0052515463
2013-07-08,0.0017027072,0.0072296705
2013-07-09,-0.0011773938,0.0001815926
2013-07-10,0.0018938324,0.0135542503
2013-07-11,1.48500590296807E-10,0.0030864831
2013-07-12,0.0040396399,0.0013748797
2013-07-15,0.0009150175,-0.0037087608
2013-07-16,0.0020744999,0.002774047
2013-07-17,-0.0007159629,0.0050329648
2013-07-18,-0.0203690585,0.0016100505
2013-07-19,0.0049693586,0.0020330261
2013-07-22,-0.0007506697,-0.0018519365
2013-07-23,0.001732388,-0.003811222
2013-07-24,0.0006641252,0.0025564724
2013-07-25,-0.0004615471,0.000828294
2013-07-26,-0.0039999331,-0.0037360375
2013-07-29,0.0038945456,0.000373817
2013-07-30,-0.0038437654,-0.0001364095
2013-07-31,0.0146362483,0.0125405701
2013-08-01,0.0016779538,0.0016404583
2013-08-02,-0.0001137174,-0.0014798347
2013-08-05,-0.0006546939,-0.0057230338
2013-08-06,0.000638303,-0.003805865
2013-08-07,-0.0014419332,0.0038854498
2013-08-08,-0.0023823282,-0.0035699602
2013-08-09,-0.0012268696,-0.0011529206
2013-08-12,0.0010402787,0.0027760559
2013-08-13,-0.0022146936,-0.0051766178
2013-08-14,-0.0091987513,-0.0142816018
2013-08-15,0.0003638689,-0.0033045952
2013-08-16,-0.0065041719,-0.0059003021
2013-08-19,0.0041113874,0.0038211953
2013-08-20,-0.0042662319,-0.0057796031
2013-08-21,-0.0117249741,0.0086193764
2013-08-22,0.0011572584,0.0039470109
2013-08-23,-0.0008290815,-0.004039658
2013-08-26,-0.0054683443,-0.0158741948
2013-08-27,0.0024905623,0.0027476455
2013-08-28,0.0071679059,0.0019634016
2013-08-29,-0.0015801974,-0.0031743182
2013-08-30,0.0004800998,0.0041642217
2013-09-03,-0.0030695467,0.0081169529
2013-09-04,-0.0007790374,0.0012098628
2013-09-05,0.0015718187,5.44312071892872E-05
2013-09-06,0.0041815195,0.0099928808
2013-09-09,7.08788509655445E-11,0.0073457892
2013-09-10,-0.000153709,0.0030522836
2013-09-11,-0.0045374088,-0.0033804154
2013-09-12,0.0003649185,0.0027146796
2013-09-13,-0.0026335981,0.0056931534
2013-09-16,0.0036499553,0.0042177392
2013-09-17,0.0008240489,0.012177673
2013-09-18,-0.003178973,-0.001842954
2013-09-19,-0.0006033383,-0.0072168865
2013-09-20,-0.0018438557,-0.0047195863
2013-09-23,-0.0029739632,-0.0025971431
2013-09-24,0.0001678143,-0.0027394657
2013-09-25,0.0036644178,0.0034854256
2013-09-26,-0.0033637746,-0.0040738012
2013-09-27,-0.005239797,-0.0060292307
2013-09-30,0.0083914519,0.0079985434
2013-10-01,0.0013221664,-0.0006666696
2013-10-02,-0.0033213023,-0.0089794146
2013-10-03,0.0067595668,0.0070532245
2013-10-04,-0.0005762812,-0.008506362
2013-10-07,-0.0033476731,-0.0123320789
2013-10-08,0.0110056276,0.0005739062
2013-10-09,0.0158611661,0.0218304965
2013-10-10,0.0019741122,0.0062862715
2013-10-11,0.0008494372,0.0040747206
2013-10-14,0.0014954068,-0.0070637234
2013-10-15,0.0013622974,0.0138275321
2013-10-16,-0.0049886619,0.0067439529
2013-10-17,-2.43765371603366E-10,0.0065487556
2013-10-18,2.90530986855192E-11,9.17363141301752E-05
2013-10-21,1.41871202286037E-10,0.0057375132
2013-10-22,-0.0064375704,-0.0047245572
2013-10-23,-0.0005713931,0.0032581345
2013-10-24,0.0102445248,0.0043948439
2013-10-25,0.0016264881,0.0013296993
2013-10-28,0.0005460899,0.0055841951
2013-10-29,0.0023811925,-0.0048759233
2013-10-30,-0.0011695533,-0.0038393815
2013-10-31,0.0016465786,0.0029034214
2013-11-01,0.0020861589,0.0035705587
2013-11-04,-0.0008830707,-0.0028055878
2013-11-05,0.0006823821,0.00426554
2013-11-06,-0.0066989772,-0.0131827721
2013-11-07,0.0118162358,0.0134275596
2013-11-08,0.0009759567,0.0007229317
2013-11-11,0.0012940943,-0.002370392
2013-11-12,0.0061968633,0.0080953445
2013-11-13,0.0008001601,0.0048372587
2013-11-14,0.0007977664,0.0042220343
2013-11-15,-0.0011900041,-0.0036981975
2013-11-18,-0.0018236559,-0.0020429655
2013-11-19,0.0010362024,-0.0036356111
2013-11-20,0.0047113845,0.0081285646
2013-11-21,0.0041260411,0.0049614579
2013-11-22,-0.0005973717,-0.0012633425
2013-11-25,0.0020261857,0.0001498047
2013-11-26,0.0129309746,0.0024850811
2013-11-27,-0.0009886578,-0.0007856892
2013-11-29,-0.0026249079,-0.0027190207
2013-12-02,-0.0021996182,-0.003192848
2013-12-03,-0.0007113906,-0.0013034927
2013-12-04,-0.0034981134,-0.0043395729
2013-12-05,0.0132934442,0.0112378709
2013-12-06,0.0014684416,0.0018171
2013-12-09,-2.82547785606874E-05,-0.003179659
2013-12-10,-0.003137537,-0.0113168744
2013-12-11,-0.0045265141,-0.0037705621
2013-12-12,0.000399664,-0.0001014103
2013-12-13,0.0008383026,0.00632004
2013-12-16,-0.0033401318,-0.0031009879
2013-12-17,0.0076297299,0.0166479641
2013-12-18,-0.0011708674,-0.0005799287
2013-12-19,0.0031999056,0.004818728
2013-12-20,1.32877653975447E-10,0.0053181202
2013-12-23,2.25547000347326E-10,0.0029157468
2013-12-24,0.0007906247,0.0047455296
2013-12-26,0.0001825652,-0.0003365848
2013-12-27,-0.0027129004,-0.0001792538
2013-12-30,0.0023851788,0.0039596752
2013-12-31,0.0018907443,-0.0088619128
2014-01-02,0.0011441315,-0.0003329649
2014-01-03,-0.003694122,-0.0025117672
2014-01-06,0.0040857747,0.0060817645
2014-01-07,-0.0025503195,-0.0002122092
2014-01-08,0.0002343262,0.0003483094
2014-01-09,0.0023030842,0.0023066867
2014-01-10,-0.0007496101,-0.0125762165
2014-01-13,0.0094552888,0.0108179719
2014-01-14,2.22851817353936E-05,0.0051661881
2014-01-15,-0.0012112649,-0.0013471202
2014-01-16,0.0007845836,-0.0038951747
2014-01-17,0.0024570391,0.0027737522
2014-01-21,-0.0026405248,0.0005748649
2014-01-22,-0.0012880401,-0.0088895765
2014-01-23,-0.0138772886,-0.0208754486
2014-01-24,-0.0004171772,-0.0048762937
2014-01-27,0.0103591193,0.0061406524
2014-01-28,-0.0085696313,-0.0102092324
2014-01-29,0.0035963746,0.0112670446
2014-01-30,-0.002603609,-0.0064652993
2014-01-31,-0.0026909505,-0.0228319197
2014-02-03,0.0005041484,0.0076410886
2014-02-04,-0.0046247083,-0.0020282225
2014-02-05,0.0104200649,0.0124397929
2014-02-06,0.0058046333,0.0133018869
2014-02-07,-0.0016356356,0.0015692346
2014-02-10,-0.0023965495,0.0110621135
2014-02-11,0.0019620248,-0.0002692623
2014-02-12,0.0034328125,0.0058100249
2014-02-13,0.002049229,0.0048092168
2014-02-14,-0.0019674938,0.001158474
2014-02-18,-0.0051589379,-0.0065244844
2014-02-19,0.0076836599,0.0060314581
2014-02-20,-0.0002170854,-0.0019187234
2014-02-21,0.009398146,0.0061865133
2014-02-24,-1.95474026938938E-10,-0.0013476816
2014-02-25,1.75187448240546E-05,2.16999436939425E-05
2014-02-26,0.0043789988,0.004948083
2014-02-27,-0.0004750658,0.0027826887
2014-02-28,0.0029537037,-0.0073785105
2014-03-03,0.0078792037,0.0152677013
2014-03-04,0.0026980776,-0.000053351
2014-03-05,7.87556424905731E-05,0.0017184079
2014-03-06,-0.0012920307,0.0005380894
2014-03-07,-0.0024076233,-0.0004632462
2014-03-10,-0.0013343208,-0.005082139
2014-03-11,-0.0026750557,0.0003051707
2014-03-12,-0.0067657116,-0.0117010949
2014-03-13,-0.001114035,-0.0028217777
2014-03-14,0.0071021377,0.0096136345
2014-03-17,-0.0005351258,0.007219619
2014-03-18,0.0010400733,-0.0061316491
2014-03-19,-0.0025085012,0.0060405047
2014-03-20,-0.00232514,-0.0029326713
2014-03-21,-0.0027997573,-0.0048647102
2014-03-24,-0.0017116041,0.00440394
2014-03-25,-0.0041647019,-0.0070003195
2014-03-26,-0.0052819848,-0.0019000841
2014-03-27,0.0058340744,0.0046402219
2014-03-28,0.0020129041,0.0079241024
2014-03-31,0.0022731385,0.0070393488
2014-04-01,-0.0002094243,0.0028533264
2014-04-02,-0.0008962178,-0.0011264498
2014-04-03,-0.0124515641,-0.0125372882
2014-04-04,-0.0038577114,-0.0107501125
2014-04-07,-0.0023935245,0.0037505538
2014-04-08,0.0109757428,0.0109182128
2014-04-09,-0.004297748,-0.0208847957
2014-04-10,-0.0054638136,-0.0094867739
2014-04-11,0.005428317,0.0082172863
2014-04-14,0.006795763,0.0067573077
2014-04-15,0.001872435,0.010488491
2014-04-16,-0.0030051604,0.0013638529
2014-04-17,-0.0037162214,0.0037751235
2014-04-21,0.0011940175,0.0040921389
2014-04-22,-0.0013106621,-0.0022133138
2014-04-23,0.0031865255,0.0017169602
2014-04-24,0.0006369047,-0.008096391
2014-04-25,-0.0080004135,0.0032360362
2014-04-28,0.0014955921,0.0047607569
2014-04-29,-0.000091849,0.0029920169
2014-04-30,-0.001969754,-0.0001432612
2014-05-01,0.0006544349,-0.001348445
2014-05-02,-0.0030402485,0.0018712158
2014-05-05,-0.0016826244,-0.0089883919
2014-05-06,0.0019741991,0.0056164683
2014-05-07,-0.000781473,-0.0013736249
2014-05-08,0.0011900023,0.0015194761
2014-05-09,0.0009429516,0.0096727376
2014-05-12,0.0002493723,0.0004217578
2014-05-13,0.0043276402,-0.0047010052
2014-05-14,4.00123505924182E-05,-0.0093618067
2014-05-15,0.0005287085,0.0037469648
2014-05-16,0.0021832584,0.0038447866
2014-05-19,-0.001640453,-0.0064983981
2014-05-20,0.0025846474,0.0081160988
2014-05-21,-0.0041817138,0.0023622299
2014-05-22,0.0051892846,0.0042483918
2014-05-23,-0.0042028012,0.0059878059
2014-05-27,0.0003390238,-0.0011140718
2014-05-28,4.59800982109439E-05,0.0053671103
2014-05-29,0.0005599919,0.0018436779
2014-05-30,0.0005634509,0.0007278264
2014-06-02,-8.67899287593926E-11,-0.0003792168
2014-06-03,-0.0002993904,0.0018916637
2014-06-04,0.0051040717,0.0065252796
2014-06-05,-0.0024299852,0.0046277585
2014-06-06,0.0014810382,0.0009387717
2014-06-09,-0.0026921942,-0.0002459839
2014-06-10,-0.0027291924,-0.0035370408
2014-06-11,-0.0054601543,-0.0070888939
2014-06-12,0.0105622774,0.0031345618
2014-06-13,-0.0008327934,0.0008367051
2014-06-16,0.0028012737,0.0021725691
2014-06-17,0.0006419893,0.0077188812
2014-06-18,-0.0008056866,0.0012774786
2014-06-19,-0.0004921721,0.0017300585
2014-06-20,0.0023902138,-0.0001324642
2014-06-23,-0.0042148775,-0.0064353107
2014-06-24,-0.0036342473,0.0048975113
2014-06-25,0.0020714832,-0.0011788837
2014-06-26,0.0019716679,0.0019108685
2014-06-27,-0.0035534116,-0.000372257
2014-06-30,0.0071585709,0.0066777705
2014-07-01,-0.0005998855,0.0006588131
2014-07-02,-0.0012449068,0.005479508
2014-07-03,0.000274257,-0.0039235219
2014-07-07,0.0026109855,-0.0070488018
2014-07-08,0.0008570967,0.0046442678
2014-07-09,0.0015971462,-0.0041310717
2014-07-10,0.0022975554,0.0014709225
2014-07-11,-1.09601421688366E-10,0.0048435533
2014-07-14,1.9247126440379E-10,-0.001932096
2014-07-15,-0.0005625683,0.0042010849
2014-07-16,-0.005270215,-0.0118340264
2014-07-17,0.0057335502,0.0102649358
2014-07-18,0.00053651,-0.0023202506
2014-07-21,0.0022868766,0.0050161499
2014-07-22,1.18064035110887E-10,0.0017544383
2014-07-23,-0.0026043723,0.0004881556
2014-07-24,-0.0134616274,-0.0048491504
2014-07-25,-0.0017014447,0.0002881547
2014-07-28,-0.0017508167,-0.0045277869
2014-07-29,-0.0009993653,6.09127150357214E-05
2014-07-30,-0.0013702852,-0.0199992402
2014-07-31,-0.0043495751,-0.0028591214
2014-08-01,0.0041288797,0.0071890325
2014-08-04,-0.0039140302,-0.0096854698
2014-08-05,-0.0023450514,1.56383940348448E-05
2014-08-06,0.0012075307,-0.00555662
2014-08-07,0.00082692,0.0115314027
2014-08-08,-0.0011672315,0.0027594252
2014-08-11,0.0005388212,-0.0016366416
2014-08-12,-0.0052800582,0.0067071602
2014-08-13,-0.0061844958,0.004345814
2014-08-14,0.0018459212,-6.13728642303579E-05
2014-08-15,-0.0014551533,0.0085316719
2014-08-18,-0.0011763351,0.0050006522
2014-08-19,-0.0025858321,0.0024778129
2014-08-20,0.0029772715,0.0029498895
2014-08-21,-1.32252565669677E-10,-0.0019925872
2014-08-22,0.0005860705,0.0047877791
2014-08-25,-0.0033402617,0.0010510811
2014-08-26,-0.0004285237,0.000049987
2014-08-27,-0.0021237812,-0.0016899011
2014-08-28,0.0030139241,0.0033204148
2014-08-29,0.001374697,-0.0005440662
2014-09-02,0.0012725691,-0.0007791408
2014-09-03,0.0024205569,-0.0015344211
2014-09-04,-0.0011015519,0.0050358856
2014-09-05,0.0018023257,-0.0030731142
2014-09-08,-0.0045173044,-0.0065450092
2014-09-09,0.0035487184,0.0036460744
2014-09-10,0.000366489,0.0008819055
2014-09-11,-0.0017830438,-0.0059625584
2014-09-12,-0.0015566926,-0.0007101514
2014-09-15,0.0016459336,0.007484376
2014-09-16,0.001121624,0.0012956438
2014-09-17,-0.0004255577,0.0048911801
2014-09-18,-0.0008554983,-0.0004772696
2014-09-19,0.0029406183,-0.0080133231
2014-09-22,-0.0012973806,-0.0057765013
2014-09-23,0.0022341295,0.0078324913
2014-09-24,0.0016311692,-0.0161687726
2014-09-25,0.003963422,0.0085758249
2014-09-26,-0.0019059058,-0.0025468024
2014-09-29,0.0031793606,-0.0027859287
2014-09-30,-0.0024410547,-0.0132485611
2014-10-01,-0.0006507815,5.14346190727544E-06
2014-10-02,0.0098465907,0.0111655094
2014-10-03,0.0003520807,-0.0015651598
2014-10-06,0.0056409143,-0.0151260527
2014-10-07,0.0105447171,0.0174616503
2014-10-08,0.0032449423,-0.0206614152
2014-10-09,-0.0082431168,-0.0114510123
2014-10-10,-0.0070486738,-0.0164679297
2014-10-13,-0.0003466607,0.0015788648
2014-10-14,-0.0067827026,-0.008100315
2014-10-15,0.0024171462,0.000144978
2014-10-16,0.0059278825,0.0128841074
2014-10-17,-0.002458782,0.0091426572
2014-10-20,-0.008102849,0.0195744869
2014-10-21,0.0085560323,-0.0072993302
2014-10-22,0.0001702824,0.0123033772
2014-10-23,0.0152273246,0.0070534495
2014-10-24,-1.79933808846545E-10,-0.0015015683
2014-10-27,4.81152207919972E-11,0.0119390731
2014-10-28,0.0006125254,-0.0013853555
2014-10-29,-0.0008589069,0.0062301239
2014-10-30,-0.001517909,0.0117313938
2014-10-31,-0.0014025185,-0.0001189217
2014-11-03,0.0015751559,-0.0028298417
2014-11-04,0.004806513,0.0057004971
2014-11-05,2.14583144981205E-10,0.0037755132
2014-11-06,0.0016479144,0.0003495862
2014-11-07,-1.00075330102889E-10,0.0031201848
2014-11-10,-0.0032306849,0.0006966942
2014-11-11,-0.0005996962,-0.0007011168
2014-11-12,-0.0040327621,0.0005298447
2014-11-13,-0.0047391195,0.0002402701
2014-11-14,0.0017130688,0.000735359
2014-11-17,-0.0027274654,0.0051339835
2014-11-18,-0.0036678261,-0.0015011589
2014-11-19,-0.0016791489,0.0019670961
2014-11-20,-0.0006734637,0.0052368774
2014-11-21,-0.0044740128,0.0028640233
2014-11-24,0.0005521269,-0.0011500298
2014-11-25,0.0034961812,0.002805982
2014-11-26,-0.001991809,-0.0025424269
2014-11-28,0.0032363447,-0.0068293629
2014-12-01,0.0029443507,0.0063844614
2014-12-02,-0.0012656425,0.0037647426
2014-12-03,0.002445873,-0.0011618961
2014-12-04,0.0004703291,0.0016652164
2014-12-05,-0.0015383829,-0.0072565649
2014-12-08,-0.0019601054,-0.0002378239
2014-12-09,-0.0107435736,-0.0163509685
2014-12-10,0.006457396,0.004535689
2014-12-11,-0.0048054485,-0.0162135873
2014-12-12,-0.0052487658,-0.0063425865
2014-12-15,-0.0065695656,-0.0084890231
2014-12-16,0.0127505731,0.020352416
2014-12-17,0.0029861031,0.0240152043
2014-12-18,-0.0005455225,0.004570049
2014-12-19,-0.006903812,0.003810464
2014-12-22,-0.002378887,0.0017463618
2014-12-23,0.001518194,-0.0001392965
2014-12-24,-0.0034262507,0.0033095747
2014-12-26,-0.001721101,0.0008617741
2014-12-29,-0.0008680908,-0.0048886044
2014-12-30,-0.0037801607,-0.0103108587
2014-12-31,0.0012148384,-0.0003399636
2015-01-02,-0.0095251191,-0.0182781051
2015-01-05,-0.0097721922,-0.0088934719
2015-01-06,0.0074970522,0.0116298426
2015-01-07,0.0122037479,0.017888281
2015-01-08,0.0012717255,-0.008403811
2015-01-09,-0.0035016141,-0.0080936852
2015-01-12,-0.0028142938,-0.0025785555
2015-01-13,-0.0059038278,-0.0058130669
2015-01-14,-0.0065448195,-0.0092478761
2015-01-15,0.0031623449,0.0134241994
2015-01-16,0.0004777028,0.0015499524
2015-01-20,-0.0003925071,0.0047316238
2015-01-21,0.0043339912,0.0152697218
2015-01-22,0.0022433733,-0.0054915224
2015-01-23,-0.0006343259,0.0025684611
2015-01-26,-0.0070459748,-0.0133878624
2015-01-27,0.0047427792,-0.0134956095
2015-01-28,0.0031021501,0.0095346854
2015-01-29,-0.0279835063,-0.0129919654
2015-01-30,0.0027510599,0.012962464
2015-02-02,-7.28344605519003E-05,0.0144394949
2015-02-03,0.0001644651,-0.004156046
2015-02-04,-0.0038906,0.0102914068
2015-02-05,-0.0089047646,-0.0034181724
2015-02-06,-0.0007660465,-0.0042471946
2015-02-09,0.0011558216,0.0106755612
2015-02-10,0.0011560091,-2.90337850636924E-05
2015-02-11,0.0008147454,0.0096445064
2015-02-12,-0.0025859497,0.0040747386
2015-02-13,-0.0003766259,0.0015975746
2015-02-17,-0.0001943105,-0.0003143091
2015-02-18,0.0021371215,-0.0010620576
2015-02-19,0.0008082959,0.0061265338
2015-02-20,-0.0020136333,-0.0003033393
2015-02-23,0.0026243761,0.0027587707
2015-02-24,0.0012906215,-0.0007657236
2015-02-25,-0.0011950668,-0.0014760281
2015-02-26,-0.0008956319,-0.0029563044
2015-02-27,0.0054262183,0.0061249195
2015-03-02,-0.0019533795,-0.0045385425
2015-03-03,-0.0013587868,-0.0043885035
2015-03-04,0.0019449204,0.0011960801
2015-03-05,-0.0071204949,-0.0141739464
2015-03-06,0.0013772902,0.0039444213
2015-03-09,-5.80104604132026E-05,-0.0169613303
2015-03-10,-0.0023855377,-0.0019176796
2015-03-11,0.0040682272,0.0126014396
2015-03-12,-0.0007640896,-0.0060747111
2015-03-13,0.0027008411,0.0135336711
2015-03-16,0.0015592703,-0.0033201736
2015-03-17,-0.0043099822,0.0121584215
2015-03-18,0.0021755829,-0.0048725792
2015-03-19,-0.0062543348,0.0090127546
2015-03-20,-0.0022090944,-0.0017457311
2015-03-23,-0.0006365469,-0.006139422
2015-03-24,0.0031726379,-0.0145589056
2015-03-25,-0.0014480406,-0.0023775002
2015-03-26,0.0019039403,0.0023685617
2015-03-27,0.005248628,0.0122366448
2015-03-30,0.0011966127,-0.0087957747
2015-03-31,1.35741808418577E-10,-0.0039653717
2015-04-01,-1.1206606599892E-05,0.0035296672
2015-04-02,-0.0011587044,0.006608815
2015-04-06,0.0034704661,-0.002061904
2015-04-07,-7.62856498216727E-05,0.002682533
2015-04-08,-0.0018141148,0.0044574814
2015-04-09,-0.0036338206,0.0052028651
2015-04-10,-0.0041484325,-0.0045812806
2015-04-13,0.0010706096,0.0016297588
2015-04-14,-0.0033074947,0.0051481957
2015-04-15,0.0009016402,-0.0007784438
2015-04-16,0.0045783845,-0.0113112452
2015-04-17,0.0082379887,0.0092351313
2015-04-20,0.0017541719,-0.0014806052
2015-04-21,-0.0013010856,0.0050874804
2015-04-22,0.002260262,0.002357716
2015-04-23,-0.0153641673,0.0022528002
2015-04-24,0.0001531374,-0.004141314
2015-04-27,-0.0002803015,0.0027692317
2015-04-28,-0.0013171019,-0.0037403355
2015-04-29,-0.0007991014,-0.0101289067
2015-04-30,8.04982481483183E-05,0.0109230015
2015-05-01,-0.0042020005,0.0029407486
2015-05-04,-0.0010429933,-0.0118373835
2015-05-05,-0.0084119435,-0.004455725
2015-05-06,0.0050185691,0.0037738136
2015-05-07,0.0102543416,0.0134579013
2015-05-08,-2.24725741185699E-05,-0.0050895607
2015-05-11,0.0027901349,-0.0029496377
2015-05-12,0.0003166928,-0.0003049549
2015-05-13,0.0007839567,0.010779287
2015-05-14,-0.0004271705,0.0007684135
2015-05-15,0.0031776229,0.0030479482
2015-05-18,-0.0014891353,-0.0006433745
2015-05-19,0.0017505422,-0.000930516
2015-05-20,0.0036495086,0.0023378742
2015-05-21,-0.0054937471,-0.0022338859
2015-05-22,0.0021972669,-0.0102819805
2015-05-26,0.007836981,0.0091626411
2015-05-27,-0.0002060124,-0.0012667607
2015-05-28,-0.0026710953,-0.0063184689
2015-05-29,0.0016673308,0.0020594609
2015-06-01,0.0027501913,-0.0010085958
2015-06-02,-0.0007248827,0.0021188708
2015-06-03,0.0012822456,-0.0086231674
2015-06-04,-0.0024134773,-0.001436183
2015-06-05,-0.0025151562,-0.0064745099
2015-06-08,-0.0001305236,0.000418353
2015-06-09,0.0051714926,0.0120424249
2015-06-10,0.0019264141,0.0017386263
2015-06-11,0.0024969349,-0.0069942999
2015-06-12,-0.0015382705,-0.0046225721
2015-06-15,0.0023257235,0.0056898564
2015-06-16,0.0003962288,0.0019796411
2015-06-17,0.0032055788,0.0099027107
2015-06-18,0.0009427489,-0.0053035018
2015-06-19,0.0024449808,0.0060948668
2015-06-22,0.0004506303,0.0006358683
2015-06-23,-0.000834689,-0.0073532969
2015-06-24,-0.000502494,-0.002973574
2015-06-25,-0.0008614061,-0.0003900799
2015-06-26,-0.0109729125,-0.0208661936
2015-06-29,0.0024950274,0.0026584895
2015-06-30,0.0048346585,0.0069360404
2015-07-01,-0.0011720483,-0.0003080229
2015-07-02,7.33989116353172E-05,-0.0038617566
2015-07-06,-0.0065114927,0.006080975
2015-07-07,0.0011590545,-0.016652749
2015-07-08,0.0021413098,0.0022622026
2015-07-09,0.0046175584,0.0123384848
2015-07-10,-0.0056997449,0.0110660495
2015-07-13,0.0002065498,0.004453159
2015-07-14,4.95142329548694E-05,-0.0007349861
2015-07-15,-0.0017700075,0.0080146805
2015-07-16,0.0008209731,0.0011061832
2015-07-17,-0.001560825,0.0007712335
2015-07-20,0.0016695204,-0.0042616892
2015-07-21,0.0009357423,-0.0023877101
2015-07-22,-0.0006987141,-0.0056760403
2015-07-23,0.0111859168,-0.010703328
2015-07-24,-0.0040784267,-0.0057750148
2015-07-27,0.0024878984,0.0123861544
2015-07-28,0.0045843414,0.0073187952
2015-07-29,0.0053859937,2.83675657297699E-05
2015-07-30,0.000099228,-0.00227152
2015-07-31,0.0009119425,-0.0027568868
2015-08-03,0.0011536136,-0.0022497049
2015-08-04,0.0033375284,0.003114679
2015-08-05,0.0002747066,-0.0077529851
2015-08-06,-0.0033497294,-0.0028748828
2015-08-07,0.0079650719,0.0128081668
2015-08-10,0.0044695883,-0.0095571028
2015-08-11,-0.0042476747,0.0009500549
2015-08-12,0.0048799794,-0.001275212
2015-08-13,0.0019835859,0.0039119639
2015-08-14,0.0005649717,0.005211424
2015-08-17,-8.43933479956899E-11,-0.0026255299
2015-08-18,-1.52947777056281E-10,-0.0082548765
2015-08-19,-0.0146718314,-0.0211001701
2015-08-20,-0.0193030022,-0.0318509653
2015-08-21,-0.0089850893,-0.039413693
2015-08-24,0.000924901,-0.0135219952
2015-08-25,0.0105373109,0.0390338591
2015-08-26,-0.0081952578,0.0242977484
2015-08-27,-0.001209595,0.0006087364
2015-08-28,0.0053691801,-0.0083916702
2015-08-31,0.0240640249,-0.0295764466
2015-09-01,0.0030547393,0.0182929746
2015-09-02,-0.0027558139,0.0011647938
2015-09-03,0.0112803437,-0.0153295956
2015-09-04,0.0053074723,0.0250830533
2015-09-08,0.0108042857,-0.0138975605
2015-09-09,-0.0022271149,0.005277955
2015-09-10,-0.0026735212,0.0044870433
2015-09-11,0.0026626656,-0.0040896559
2015-09-14,-0.0039691366,0.0128313117
2015-09-15,-0.0015675451,0.0087054145
2015-09-16,0.0112038876,-0.0025610596
2015-09-17,0.0098465937,-0.0161641658
2015-09-18,-0.0014502229,0.0045657839
2015-09-21,0.0016102566,-0.0123184295
2015-09-22,-0.0006182338,-0.0020486426
2015-09-23,-0.0013099538,-0.0033629846
2015-09-24,-0.0052627762,-0.0004657931
2015-09-25,4.34730938795851E-05,-0.0256660903
2015-09-28,-0.0032796174,0.0012328531
2015-09-29,0.0051644436,0.0190755557
2015-09-30,0.003296827,0.0019738842
2015-10-01,-0.0092645927,0.0143152893
2015-10-02,-0.0092340327,0.0182898411
2015-10-05,-0.005506112,-0.0035882362
2015-10-06,-0.0030752914,0.0080356336
2015-10-07,-0.0106290237,0.0088184356
2015-10-08,0.0021279749,0.0007251114
2015-10-09,-0.0001651893,0.0012754771
2015-10-12,0.0002362891,-0.0068254242
2015-10-13,-0.0003768415,-0.0047162741
2015-10-14,-0.0008575739,0.0148527736
2015-10-15,0.0005217236,0.0045704743
2015-10-16,-0.0006731416,0.0002705456
2015-10-19,-0.0013440877,-0.00142109
2015-10-20,0.000167774,-0.0058254154
2015-10-21,0.0013243957,0.0166275719
2015-10-22,-0.0005776468,0.0110303443
2015-10-23,0.0033385873,-0.0019131003
2015-10-26,0.0019059956,-0.0025541185
2015-10-27,-0.0071829988,0.0118400332
2015-10-28,0.0002458815,-0.0004497744
2015-10-29,-0.0025415808,-0.0048098772
2015-10-30,0.0043168305,0.0118738173
2015-11-02,0.0034495296,0.0027280672
2015-11-03,-1.85410780912903E-05,-0.003545367
2015-11-04,0.003761601,-0.0011321484
2015-11-05,-2.89633996693045E-05,-0.0003476216
2015-11-06,-0.001892659,-0.0098227294
2015-11-09,-0.002526741,0.0015105952
2015-11-10,0.0022397618,-0.003228086
2015-11-11,-0.0008477747,-0.0139903754
2015-11-12,-0.0026340659,-0.0112073649
2015-11-13,0.0074588299,0.0149032651
2015-11-16,-0.0007670416,-0.0013393792
2015-11-17,0.0077821404,0.0161624519
2015-11-18,-0.0033695536,-0.0011231092
2015-11-19,-0.0008922536,0.0038101959
2015-11-20,-0.0007509848,-0.0012348608
2015-11-23,-0.0050186648,0.0012219961
2015-11-24,0.019125977,-0.0001291326
2015-11-25,0.0005011288,0.0005936176
2015-11-27,-0.0032442639,-0.0046409971
2015-11-30,0.0080193582,0.0106805735
2015-12-01,0.0023507543,-0.0109956931
2015-12-02,9.42453990743488E-05,-0.0143735269
2015-12-03,0.0089494282,0.020525669
2015-12-04,-0.0020850236,-0.0069895029
2015-12-07,0.000995652,-0.0064899014
2015-12-08,0.000605328,-0.0077389851
2015-12-09,0.0030418871,0.002251387
2015-12-10,-0.0118259104,-0.0194227671
2015-12-11,0.006399805,0.0047555599
2015-12-14,0.0061064184,0.0106185612
2015-12-15,-0.0059445011,0.0145149693
2015-12-16,0.0054541561,-0.0150405206
2015-12-17,-0.0041955782,-0.0177972201
2015-12-18,0.003716968,0.0077784022
2015-12-21,0.0019884664,0.0088167364
2015-12-22,-0.000161688,0.0124180681
2015-12-23,0.0007775494,-0.0015986363
2015-12-24,0.0037703828,-0.0021785598
2015-12-28,-0.0001547149,0.0106297627
2015-12-29,0.000240906,-0.0072172286
2015-12-30,-0.0018433178,-0.0094119131
2015-12-31,-0.0163843847,-0.015303731
2016-01-04,-6.59401916115539E-05,0.0020122261
2016-01-05,-0.002852001,-0.0131153966
2016-01-06,-0.0105486483,-0.023700443
2016-01-07,0.000228991,-0.0108383746
2016-01-08,0.002433781,0.0008532723
2016-01-11,0.0013458058,0.0078027986
2016-01-12,1.67837846051788E-10,-0.0249654526
2016-01-13,0.0068141983,0.0166959056
2016-01-14,-0.0040965983,-0.0215990981
2016-01-15,-0.0001273639,0.0005318216
2016-01-19,0.0030843079,-0.0116938552
2016-01-20,-5.99228450282197E-05,0.0051954383
2016-01-21,0.0055933468,0.0202837009
2016-01-22,0.0016600232,-0.0156379819
2016-01-25,-0.0073493027,0.0141443357
2016-01-26,0.0127546835,-0.0108634839
2016-01-27,0.0132454264,0.0055285771
2016-01-28,-0.006440714,0.0247602175
2016-01-29,-0.0049733262,-0.0004432364
2016-02-01,0.0078636079,-0.018743091
2016-02-02,-0.0028129708,0.0049920389
2016-02-03,-0.0010817529,0.0015267326
2016-02-04,-0.0127728379,-0.0184812461
2016-02-05,0.0092500572,-0.014153936
2016-02-08,-0.0003758637,-0.0006636201
2016-02-09,0.00076226,-0.0001889505
2016-02-10,-0.0047543315,-0.0123011616
2016-02-11,0.0031070484,0.0195180494
2016-02-12,-0.008654174,0.0165166543
2016-02-16,-0.0075470081,0.0164804391
2016-02-17,-0.0041065066,-0.0046657136
2016-02-18,0.006928109,-2.60330692215538E-05
2016-02-19,-0.0077497263,0.0144541973
2016-02-22,0.0098744782,-0.0124543716
2016-02-23,0.0022028587,0.0044397867
2016-02-24,0.0105771883,0.0113482752
2016-02-25,-0.0060449706,-0.0018701143
2016-02-26,-0.0019644207,-0.0081209767
2016-02-29,0.0023543778,0.0238687923
2016-03-01,0.0006999693,0.0040943084
2016-03-02,-0.003663308,0.0034987406
2016-03-03,-0.0030671328,0.0033058924
2016-03-04,-0.0064606081,0.0008850144
2016-03-07,0.0099768394,-0.0112401086
2016-03-08,0.0024944661,0.0050523933
2016-03-09,-0.0021563942,0.0001558047
2016-03-10,-0.0036569162,0.0163955005
2016-03-11,0.0013885933,-0.0012609725
2016-03-14,0.0018287594,-0.0018369417
2016-03-15,0.0014218649,0.0056003515
2016-03-16,-0.0022569883,0.0065952364
2016-03-17,-0.0110508024,0.0044056435
2016-03-18,-0.0014162137,0.0009855775
2016-03-21,0.0032520568,-0.0008773879
2016-03-22,0.005569808,-0.0063860317
2016-03-23,0.0025110192,-0.0003780705
2016-03-24,-0.0004653329,0.0005452558
2016-03-28,0.0034330671,0.0088166518
2016-03-29,-0.0002326662,0.0043503151
2016-03-30,-0.0008715859,-0.0020397592
2016-03-31,0.0028131633,0.0063309151
2016-04-01,0.0023911267,-0.0032083221
2016-04-04,0.001685895,-0.0101444925
2016-04-05,0.0038458294,0.0105076192
2016-04-06,-0.0013556054,-0.0119757866
2016-04-07,0.0010866294,0.0027865782
2016-04-08,-0.0026898107,-0.0027397861
2016-04-11,-0.0007941027,0.009662134
2016-04-12,-0.0148037519,0.010040137
2016-04-13,-0.0028773549,0.0001729272
2016-04-14,0.0019275747,-0.0009842849
2016-04-15,-0.0023842135,0.0065410256
2016-04-18,-0.0048317135,0.0030844852
2016-04-19,-0.002697145,0.0007615446
2016-04-20,0.0018052424,-0.0051940271
2016-04-21,-0.0105077214,4.78598891489046E-05
2016-04-22,0.0050461829,-0.0018120458
2016-04-25,-0.0093688816,0.0018727515
2016-04-26,-0.0034164598,0.0016493527
2016-04-27,8.93741308445723E-05,-0.0092307682
2016-04-28,0.0142252559,-0.0050630885
2016-04-29,0.0055382795,0.0078099466
2016-05-02,1.72586994175161E-10,-0.0086766385
2016-05-03,0.0007092884,-0.0059368893
2016-05-04,0.0002005212,-0.0002390079
2016-05-05,0.0052949324,0.0031746392
2016-05-06,0.0012435412,0.0007534966
2016-05-09,2.16190089701723E-10,0.0124836438
2016-05-10,0.0018385164,-0.0095615182
2016-05-11,0.0021922813,-0.0001694651
2016-05-12,0.0024443639,-0.008478289
2016-05-13,0.0015167517,0.0097966526
2016-05-16,-0.0027487793,-0.0094112974
2016-05-17,-0.0014993909,0.0002051788
2016-05-18,0.0004562474,-0.0037067077
2016-05-19,0.0016088322,0.0060195039
2016-05-20,-0.0024701922,-0.0020854588
2016-05-23,0.0022499233,0.0136813829
2016-05-24,-0.0050360454,0.0069747404
2016-05-25,-0.0082284735,-0.0002104437
2016-05-26,-0.0030740317,0.0042868574
2016-05-27,0.0019801415,-0.0010052633
2016-05-31,0.0006814833,0.0011350423
2016-06-01,-0.0018320082,0.0028246782
2016-06-02,0.0041490785,-0.0029118147
2016-06-03,-0.0065760715,0.0048972811
2016-06-06,0.0026061124,0.0012894464
2016-06-07,-0.0026290445,0.0033095664
2016-06-08,-0.0009513792,-0.0017177587
2016-06-09,0.0052257312,-0.0091751811
2016-06-10,-0.0042498077,-0.008115191
2016-06-13,0.0021604208,-0.0017988855
2016-06-14,-0.0010009733,-0.0018407127
2016-06-15,0.0014422391,0.0031329906
2016-06-16,1.77846937263887E-10,-0.0032579652
2016-06-17,0.0007639063,0.0058081851
2016-06-20,-0.0045591125,0.0027120614
2016-06-21,0.0075495523,-0.0016515636
2016-06-22,-0.0041353484,0.0133640786
2016-06-23,0.0181019338,-0.0359197999
2016-06-24,-0.0033420819,-0.0180965021
2016-06-27,0.0055911956,0.0177701652
2016-06-28,0.0025120406,0.0170326727
2016-06-29,-0.0084459742,0.0135650443
2016-06-30,-2.0825415903643E-05,0.0019486025
2016-07-01,0.0110741722,-0.0068474773
2016-07-05,-0.0027739253,0.0053529629
2016-07-06,-0.0028344669,-0.0008715778
2016-07-07,-0.001389487,0.0152533493
2016-07-08,-0.0033723376,0.0034086156
2016-07-11,-0.0094919247,0.0070092935
2016-07-12,0.0022473919,0.0001347677
2016-07-13,-0.003984862,0.0052592039
2016-07-14,-0.0026446251,-0.0009289474
2016-07-15,-0.0066342919,0.0023822953
2016-07-18,-0.0032098284,-0.001435174
2016-07-19,0.0048620325,0.0042703005
2016-07-20,0.0021613131,-0.0036125291
2016-07-21,0.000430525,0.0045539645
2016-07-22,-0.0004068823,-0.0030114752
2016-07-25,-0.002568862,0.0003227846
2016-07-26,0.001112955,-0.0011985423
2016-07-27,0.0020578466,0.0016062093
2016-07-28,0.0057895469,0.0016313092
2016-07-29,-0.0004809645,-0.0012697874
2016-08-01,-0.0001016698,-0.0063616197
2016-08-02,-0.0028046842,0.0031339434
2016-08-03,0.0028372366,0.0002125719
2016-08-04,-0.0081524246,0.0086034964
2016-08-05,3.36094489793304E-05,-0.0009071653
2016-08-08,0.0002052125,0.0003897936
2016-08-09,0.0013670886,-0.002864686
2016-08-10,-0.0007775716,0.0047345881
2016-08-11,0.0001998003,-0.0007960463
2016-08-12,-0.0020636617,0.002792909
2016-08-15,-0.0020100102,-0.005479077
2016-08-16,0.0012536752,0.0018685899
2016-08-17,-0.0008370482,0.0021996174
2016-08-18,-0.0015353115,-0.0014402717
2016-08-19,0.0013901117,-0.0005633229
2016-08-22,0.0016808126,0.0019517691
2016-08-23,0.0004901343,-0.0052402769
2016-08-24,0.0006376922,-0.0013652273
2016-08-25,-0.0008057067,-0.0015788168
2016-08-26,0.0011797307,0.0052280473
2016-08-29,-0.0022465869,-0.0019536807
2016-08-30,-0.0012724808,-0.0023758643
2016-08-31,0.0025872958,-4.13846482083535E-05
2016-09-01,0.0004757641,0.0042010413
2016-09-02,-0.0054863609,0.0029816788
2016-09-06,-0.0011861381,-0.0001463851
2016-09-07,0.0008997105,-0.0022230135
2016-09-08,-0.0066219022,-0.0245220689
2016-09-09,0.0111172615,0.0146770525
2016-09-12,-0.0093425581,-0.014830674
2016-09-13,-0.0014397636,-0.0005876767
2016-09-14,0.0074247355,0.0101092733
2016-09-15,-0.0016409881,-0.0037722949
2016-09-16,0.0009222541,-1.86030973077234E-05
2016-09-19,0.0002869465,0.0002991384
2016-09-20,0.0009641385,0.0109171622
2016-09-21,0.0005028329,0.0064997847
2016-09-22,9.7498761682676E-05,-0.0057367748
2016-09-23,-0.0024998129,-0.0085877625
2016-09-26,0.0045383634,0.0064441701
2016-09-27,-0.0001490627,0.0052965538
2016-09-28,0.0014610876,-0.0093214113
2016-09-29,0.0071925446,0.0079679694
2016-09-30,-0.0009688385,-0.0032606958
2016-10-03,-0.0025142763,-0.0049555623
2016-10-04,-0.001044402,0.0042966905
2016-10-05,4.05523040277953E-11,0.0004815602
2016-10-06,-2.04482214309892E-11,-0.0032534837
2016-10-07,-1.60140283846089E-10,0.0046059051
2016-10-10,-0.0008341085,-0.0124464718
2016-10-11,-0.0017818934,0.0011465894
2016-10-12,-0.0052106442,-0.0030992638
2016-10-13,-0.0041529112,0.0002016042
2016-10-14,-0.0065912514,-0.0030379938
2016-10-17,0.0024938912,0.0061604035
2016-10-18,-0.0040179569,0.0021919708
2016-10-19,0.0010074499,-0.0013757239
2016-10-20,0.0034934728,-8.41417022030555E-05
2016-10-21,0.0013702086,0.0047498395
2016-10-24,0.0041593289,-0.0037977278
2016-10-25,0.0001027748,-0.0017404114
2016-10-26,8.6994837540235E-05,-0.0029867269
2016-10-27,-0.0069142103,-0.0031082994
2016-10-28,0.0013878853,-0.0001222765
2016-10-31,0.0012376673,-0.0067868832
2016-11-01,-0.0074586233,-0.0065255006
2016-11-02,-0.0012260273,-0.0044234007
2016-11-03,-0.0058279539,-0.0016661305
2016-11-04,0.0158722704,0.022223544
2016-11-07,-0.0005719101,0.0037719744
2016-11-08,-0.0006295906,0.0110770207
2016-11-09,-0.0069050131,0.0019507456
2016-11-10,0.0011979252,-0.0013979502
2016-11-11,-0.0070243674,-0.0001155028
2016-11-14,0.0077124394,0.0074807977
2016-11-15,-0.0005306578,-0.0015822638
2016-11-16,-0.0002069194,0.0046763697
2016-11-17,-0.0017040769,-0.0023867985
2016-11-18,0.0034681289,0.0074614009
2016-11-21,-0.0034893692,0.0021654319
2016-11-22,-0.0019979808,0.0008080248
2016-11-23,0.0006865706,0.0039143869
2016-11-25,-0.0020209932,-0.0052545357
2016-11-28,0.0012418429,0.0013352929
2016-11-29,0.0059623973,-0.0026534038
2016-11-30,-0.0038300143,-0.0035155292
2016-12-01,5.39483542421992E-05,0.0003970065
2016-12-02,0.0100716231,0.0058213054
2016-12-05,0.0001377103,0.0034108881
2016-12-06,-0.0050817122,0.0131632417
2016-12-07,8.47483172506346E-11,0.0021593427
2016-12-08,2.00286705406491E-10,0.0059389848
2016-12-09,0.0004526527,-0.0011374348
2016-12-12,0.0025822658,0.0065397749
2016-12-13,-0.0015172349,-0.0081171721
2016-12-14,0.0025481899,0.003883228
2016-12-15,-0.0041650498,-0.0017506226
2016-12-16,0.0057120466,0.0019751207
2016-12-19,0.0008475881,0.0036375124
2016-12-20,-0.0004247249,-0.0024573614
2016-12-21,-0.0002460902,-0.0018629739
2016-12-22,0.0001370878,0.0012517152
2016-12-23,0.0031614185,0.0022483728
2016-12-27,-0.0024238154,-0.0083565292
2016-12-28,-0.0014127594,-0.0002933047
2016-12-29,-0.0053522535,-0.0046370504
2016-12-30,0.009210424,0.0084865753
2017-01-03,0.0027477286,0.0057222738
2017-01-04,0.0043903508,-0.0007706705
2017-01-05,0.0012382481,0.003516959
2017-01-06,-0.0015557105,-0.0035485942
2017-01-09,0.0019214219,0
2017-01-10,0.0016188936,0.0028296383
2017-01-11,0.0005990958,-0.002144809
2017-01-12,0.0001469907,0.0018498406
2017-01-13,-0.0017085189,-0.0029675027
2017-01-17,0.0042780886,0.0017637541
2017-01-18,0.0028453963,-0.0036093087
2017-01-19,0.0025632675,0.0033662375
2017-01-20,0.0016877829,-0.002690125
2017-01-23,0.0010797854,0.0065645936
2017-01-24,2.14099780439236E-10,0.0080260906
2017-01-25,9.49683591857688E-11,-0.0007353842
2017-01-26,0.0002945438,-0.0008664642
2017-01-27,0.0004355205,-0.0060095435
2017-01-30,-0.0015504719,-0.0008899053
2017-01-31,0.0012326668,0.0002983636
2017-02-01,-0.0034720183,0.0005703095
2017-02-02,0.0048606135,0.007264758
2017-02-03,0.0008487445,-0.0021153569
2017-02-06,0.0013853037,0.000226829
2017-02-07,-0.0003698154,0.0006933225
2017-02-08,0.0031601,0.0057525463
2017-02-09,-0.0004975563,0.0035660503
2017-02-10,0.0018062926,0.0052458449
2017-02-13,0.0008238929,0.0040073351
2017-02-14,0.0053006409,0.004992309
2017-02-15,4.48219158186505E-12,-0.0008641179
2017-02-16,0.0002692029,0.0016785564
2017-02-17,0.0009062185,0.0060480663
2017-02-21,-0.0009793846,-0.0010822004
2017-02-22,-0.0012636091,0.000418987
2017-02-23,-0.0029830496,0.0014933641
2017-02-24,0.00419156,0.001017983
2017-02-27,-0.0002395603,-0.0025783762
2017-02-28,0.0044282237,0.0136738545
2017-03-01,-5.29178176972289E-12,-0.0058598805
2017-03-02,0.0001387944,0.0005038771
2017-03-03,-0.000403535,-0.0032772406
2017-03-06,0.0023627732,-0.0029133738
2017-03-07,0.0009963303,-0.0022842155
2017-03-08,-9.37216077582676E-05,0.0007998955
2017-03-09,-0.0014794422,0.0032686704
2017-03-10,0.0002797983,0.0003666328
2017-03-13,-0.000597761,-0.0033790274
2017-03-14,-0.0014456252,0.008374753
2017-03-15,0.0001715436,-0.0016267103
2017-03-16,-0.0009988179,-0.0013143149
2017-03-17,-0.000861822,-0.0020098934
2017-03-20,-0.0114082335,-0.0124079729
2017-03-21,0.003334737,0.0018898862
2017-03-22,0.0004098016,-0.0010602696
2017-03-23,-0.001298056,-0.0008439961
2017-03-24,-0.0004991029,-0.0010195872
2017-03-27,0.0047381264,0.0072514742
2017-03-28,-3.55356586170807E-12,0.001085325
2017-03-29,-0.0006307161,0.00293511
2017-03-30,-0.000554324,-0.0022550475
2017-03-31,-0.0004399176,-0.0016421256
2017-04-03,0.0020388837,0.0005595225
2017-04-04,-0.0007100398,-0.0030548612
2017-04-05,0.0001094675,0.0019295094
2017-04-06,-0.0029722642,-0.0008271301
2017-04-07,0.0014116602,0.0006876865
2017-04-10,0.0020591283,-0.0014338794
2017-04-11,-0.0038441163,-0.0037599508
2017-04-12,-0.0038839341,-0.0068146945
2017-04-13,0.009733789,0.0086133491
2017-04-17,-0.0011999882,-0.0029033801
2017-04-18,0.0008126775,-0.0017163506
2017-04-19,0.0021269662,0.0075572634
2017-04-20,-0.0011354367,-0.0030350732
2017-04-21,0.0106509303,0.010840069
2017-04-24,0.0007178752,0.0060906874
2017-04-25,2.11077856582254E-12,-0.0004857034
2017-04-26,0.0019999129,0.0005529201
2017-04-27,-0.0005864815,-0.0019131473
2017-04-28,0.0012599895,0.0017322905
2017-05-01,-0.0010887378,0.0011890501
2017-05-02,0.0014571066,-0.0012713605
2017-05-03,0.0004676726,0.0005821028
2017-05-04,0.0023882562,0.0040886952
2017-05-05,0.0024190238,3.74460771892515E-05
2017-05-08,0.000850582,-0.0010252487
2017-05-09,0.0002719091,0.0011306014
2017-05-10,0.0005927034,-0.0021628094
2017-05-11,-0.0007028272,-0.0014784413
2017-05-12,-0.0002088337,0.0047765136
2017-05-15,0.0024376244,-0.0006868968
2017-05-16,-0.0115210383,-0.0181782146
2017-05-17,0.0018259728,0.0036868185
2017-05-18,0.0062845468,0.0067674996
2017-05-19,0.0022300217,0.0051601315
2017-05-22,0.0023855596,0.0018378718
2017-05-23,0.0017588159,0.0024891267
2017-05-24,-0.0005945498,0.0044419481
2017-05-25,0.0007776655,0.00031055
2017-05-26,0.0016067164,-0.0012046245
2017-05-30,-0.0044783346,-0.0004599687
2017-05-31,0.001800622,0.0075711127
2017-06-01,-0.0009212846,0.003707731
2017-06-02,-3.92023099381419E-05,-0.0012176649
2017-06-05,-0.0052507906,-0.0027790402
2017-06-06,0.0032539714,0.0015682575
2017-06-07,0.0026555022,0.0002672045
2017-06-08,-0.0064834409,-0.000829989
2017-06-09,-0.0046822787,-0.0009787632
2017-06-12,0.0058898016,0.0045115051
2017-06-13,-0.0035191039,-0.0009958309
2017-06-14,-0.0034660241,-0.0022395982
2017-06-15,0.0036864012,0.0002836392
2017-06-16,0.0075016669,0.0083472288
2017-06-19,-2.31414589747791E-10,-0.0066966375
2017-06-20,-0.0014537416,-0.0005826444
2017-06-21,-0.0018264973,-0.0004557819
2017-06-22,0.0018720778,0.0015609156
2017-06-23,0.0003423564,0.0003158016
2017-06-26,0.001542094,-0.0080728247
2017-06-27,0.0054271664,0.0088080661
2017-06-28,-0.0085350337,-0.0086000232
2017-06-29,-0.0007650006,0.0015332318
2017-06-30,-0.0024307546,0.002310834
2017-07-03,0.0062937496,0.0014532789
2017-07-05,-0.0046438042,-0.0093688238
2017-07-06,0.0056576969,0.0064031256
2017-07-07,0.0042815975,0.0009277662
2017-07-10,1.07011062120896E-10,-0.0007826809
2017-07-11,-0.0014518001,0.0073056078
2017-07-12,0.0015840424,0.0018745843
2017-07-13,-0.0026089562,0.0046735033
2017-07-14,-0.0021871653,-5.29128558237613E-05
2017-07-17,0.0002679199,0.000597857
2017-07-18,0.0009563658,0.0053726395
2017-07-19,-0.0007125046,-0.0001536593
2017-07-20,-0.0008677277,-0.0003678716
2017-07-21,0.0023397962,-0.0010637348
2017-07-24,0.006106075,0.0029231718
2017-07-25,-0.0013642566,0.0002826638
2017-07-26,-0.0109716859,-0.0009726882
2017-07-27,-0.0009202267,-0.0013411155
2017-07-28,-0.0065403918,-0.0007281457
2017-07-31,0.0017878986,0.002449115
2017-08-01,0.000126569,0.0004926484
2017-08-02,0.0006205766,-0.0021836541
2017-08-03,-0.000060506,0.0018891035
2017-08-04,0.003552108,0.0016471998
2017-08-07,0.0015297238,-0.0024144327
2017-08-08,-0.0011300529,-0.0003636085
2017-08-09,-0.0132970239,-0.0144744419
2017-08-10,0.0035201444,0.0012755698
2017-08-11,0.0089895648,0.0100437547
2017-08-14,0.0004298142,-0.0004988081
2017-08-15,-0.0003189392,0.0014201029
2017-08-16,-0.0041987108,-0.0154369519
2017-08-17,-0.0011427571,-0.0018353673
2017-08-18,-0.0024851236,0.0011626509
2017-08-21,0.012094606,0.00994078
2017-08-22,0.0002068254,-0.0034535928
2017-08-23,-0.0011791038,-0.0020744619
2017-08-24,-0.0018009656,0.0016728693
2017-08-25,0.0010397486,0.0004870719
2017-08-28,0.0028582848,0.0008428219
2017-08-29,0.0022091123,0.0046151489
2017-08-30,-4.86941137075162E-05,0.005720976
2017-08-31,0.0024989812,0.0019825409
2017-09-01,1.34599217188613E-10,-0.0075508068
2017-09-05,-0.0008548621,0.0031287266
2017-09-06,0.0018960812,-0.000178436
2017-09-07,0.0009956524,-0.0014888507
2017-09-08,0.0062112857,0.010839299
2017-09-11,1.89399337576293E-10,0.003363948
2017-09-12,-0.0014044516,0.0007571208
2017-09-13,0.0015453686,-0.0011007176
2017-09-14,-0.0020589839,0.0018471814
2017-09-15,-0.0026944205,0.0014559209
2017-09-18,-0.0027839383,0.0011101954
2017-09-19,0.0004934437,0.0006343479
2017-09-20,-0.0026481087,-0.0030459175
2017-09-21,-0.0016460999,0.0006477937
2017-09-22,-0.0037544044,-0.0022220504
2017-09-25,-0.0003485271,7.21668174081813E-05
2017-09-26,0.0046179579,0.0040851439
2017-09-27,-0.0002571,0.0012046158
2017-09-28,0.0003390489,0.0037051098
2017-09-29,0.0018655026,0.0038740036
2017-10-02,0.0014181525,0.0021588382
2017-10-03,-1.75508953290798E-10,0.0012467201
2017-10-04,-5.08508322255574E-11,0.0056467873
2017-10-05,1.74627391160646E-10,-0.0010736343
2017-10-06,0.0007024322,-0.0018044341
2017-10-09,-0.000071152,0.0023224126
2017-10-10,-0.0016144123,0.001803507
2017-10-11,-0.002585034,-0.0016867527
2017-10-12,0.0113067033,0.0008781072
2017-10-13,-7.49852816558233E-11,0.0017507534
2017-10-16,-0.0006214765,0.0006725787
2017-10-17,0.0007843828,0.0007423352
2017-10-18,-0.003855208,0.0003279979
2017-10-19,-0.0025963073,0.0051168426
2017-10-20,-0.0024141145,-0.0039724842
2017-10-23,0.0014192575,0.0016179085
2017-10-24,-0.003012259,-0.00466305
2017-10-25,3.64388526781284E-05,0.0012709462
2017-10-26,0.0270518752,0.0080730225
2017-10-27,0.0008237933,-0.0031924705
2017-10-30,-0.0007181875,0.0009444588
2017-10-31,0.0010181451,0.0015921099
2017-11-01,0.0021894585,0.0001899661
2017-11-02,0.0024689589,0.0030970753
2017-11-03,0.0008745011,0.0012712513
2017-11-06,-0.0003997866,-0.0001891028
2017-11-07,-0.0027680023,0.0014436549
2017-11-08,-0.0024595229,-0.0037618878
2017-11-09,-0.0026267344,-0.0008976437
2017-11-10,-0.0009107171,0.0009836343
2017-11-13,0.0002612958,-0.0023096094
2017-11-14,0.0017760244,-0.0055256757
2017-11-15,0.0017227614,0.0081960583
2017-11-16,-0.0034477194,-0.0026259631
2017-11-17,-0.0013883108,0.0012756829
2017-11-20,0.0037934043,0.006541139
2017-11-21,-0.0028460063,-0.0007502611
2017-11-22,-0.0007715521,0.0020560952
2017-11-24,-0.0027317148,-0.0003842577
2017-11-27,0.0062168656,0.0098485126
2017-11-28,1.68574957215995E-10,-0.0003692258
2017-11-29,0.0033270623,0.0081909505
2017-11-30,-0.0017481562,-0.0020245306
2017-12-01,-0.0056923742,-0.0010521569
2017-12-04,0.0017907965,-0.0037393815
2017-12-05,0.0024202769,-0.0001141053
2017-12-06,-0.0001503637,0.0029323576
2017-12-07,0.0030076809,0.0055063065
2017-12-08,-0.0002213123,0.0032019574
2017-12-11,-0.000601637,0.001548922
2017-12-12,0.0007524535,-0.0004729568
2017-12-13,-0.001298561,-0.0040708593
2017-12-14,0.0064248253,0.0089743436
2017-12-15,0.0025266319,
2017-12-18,8.9505110679837E-11,
2017-12-19,-9.42095262478765E-12,
2017-12-20,0.0004878715,
2017-12-21,5.64125858189393E-05,
2017-12-22,0.0007675889,
2017-12-26,0.0015811763,
2017-12-27,-0.0001168343,
2017-12-28,-0.0025827153,
