Date,AMZN,BA,BAC,HPQ,MSFT,PG,VZ
2012-01-03,179.03,74.22,5.8,26.62,26.765,66.83,39.73
2012-01-04,177.51,74.33,5.81,26.6,27.4,66.8,39.21
2012-01-05,177.61,73.53,6.31,26.5,27.68,66.52,38.94
2012-01-06,182.61,73.98,6.18,26.4,28.105,66.36,38.33
2012-01-09,178.56,74.53,6.27,26.44,27.74,66.64,38.37
2012-01-10,179.34,75,6.63,26.69,27.84,66.33,38.57
2012-01-11,178.9,74.74,6.87,26.635,27.72,65.68,38.9
2012-01-12,175.93,75.51,6.79,26.95,28,65.81,38.92
2012-01-13,178.42,74.6,6.61,26.49,28.25,65.81,38.92
2012-01-17,181.66,75.24,6.48,26.455,28.255,66.26,39.02
2012-01-18,189.44,75.06,6.8,27,28.23,66.03,39.01
2012-01-19,194.45,75.56,6.96,27.15,28.12,66.08,39
2012-01-20,190.93,75.52,7.07,28.13,29.71,66.23,38.97
2012-01-23,186.09,75.51,7.25,28.68,29.73,65,38.4
2012-01-24,187,75.36,7.29,28.52,29.34,64.5,37.79
2012-01-25,187.8,75.82,7.35,28.32,29.56,64.98,37.69
2012-01-26,193.315,75.31,7.3,27.99,29.5,64.8,37.34
2012-01-27,195.37,74.55,7.29,27.88,29.23,64.3,37.21
2012-01-30,192.15,74.16,7.07,27.88,29.61,63.21,37.61
2012-01-31,194.44,74.18,7.13,27.98,29.53,63.04,37.66
2012-02-01,179.46,75.37,7.36,28.76,29.89,63.21,37.8
2012-02-02,181.72,75.22,7.45,28.5,29.95,63.32,37.56
2012-02-03,187.68,76.34,7.84,29.07,30.24,62.77,37.84
2012-02-06,183.14,75.46,7.97,28.76,30.2,63.51,38.14
2012-02-07,184.19,75.2,7.85,28.95,30.35,63.7,37.92
2012-02-08,185.48,75.46,8.13,29.46,30.66,63.64,37.92
2012-02-09,184.98,75.9,8.18,29.11,30.77,64.04,37.92
2012-02-10,185.54,74.95,8.07,28.7,30.495,63.88,37.69
2012-02-13,191.59,74.85,8.25,28.75,30.58,64.23,38.13
2012-02-14,191.3,75.56,7.98,29.08,30.25,64.48,38.04
2012-02-15,184.47,75.21,7.78,29.12,30.05,64.55,37.83
2012-02-16,179.93,75.27,8.09,29.885,31.285,65.2,38.05
2012-02-17,182.5,75.35,8.02,29.59,31.25,64.91,38.46
2012-02-21,182.26,75.72,8.109,29.35,31.44,64.42,38.49
2012-02-22,180.58,76.06,7.95,28.94,31.27,64.44,38.21
2012-02-23,178.89,75.85,8.02,27.05,31.37,66.42,38.13
2012-02-24,179.13,76.06,7.88,26.64,31.48,66.71,38.14
2012-02-27,178.53,75.21,8.039,26.25,31.35,66.7,38.13
2012-02-28,183.8,75.16,8.119,26.18,31.87,67.39,38.15
2012-02-29,179.69,74.95,7.97,25.31,31.74,67.62,38.11
2012-03-01,180.04,75.08,8.119,25.25,32.29,66.66,38.43
2012-03-02,179.3,74.9,8.13,25.32,32.075,66.67,38.67
2012-03-05,180.26,74.13,7.97,25.01,31.8,66.95,39
2012-03-06,181.09,72.56,7.71,24.17,31.555,66.84,38.69
2012-03-07,183.77,73.52,8.02,24.36,31.84,66.58,38.87
2012-03-08,187.64,74.17,8.06,24.64,32.009,66.9,39.22
2012-03-09,184.32,73.29,8.05,24.18,31.99,66.93,39.1
2012-03-12,183.39,73.6,7.99,24.04,32.04,67.71,39.32
2012-03-13,184.59,74.31,8.49,24.57,32.67,67.9,39.48
2012-03-14,182.26,75.23,8.84,24.34,32.77,67.85,39.47
2012-03-15,184.43,75.43,9.24,24.4,32.85,67.68,39.54
2012-03-16,185.05,75.2,9.8,24.49,32.6,67.25,39.57
2012-03-19,185.52,75.4,9.53,24.34,32.2,67.21,39.65
2012-03-20,192.33,75.14,9.81,23.98,31.99,67.21,39.63
2012-03-21,191.73,75.01,9.82,23.46,31.91,67.2,39.78
2012-03-22,192.4,73.92,9.6,23.03,31.995,67.52,39.66
2012-03-23,195.04,73.97,9.85,23.63,32.009,67.43,39.42
2012-03-26,202.87,75.18,9.93,23.89,32.59,67.46,39.33
2012-03-27,205.44,74.81,9.6,23.62,32.52,67.15,38.66
2012-03-28,201.16,74.33,9.75,23.58,32.189,67.19,38.26
2012-03-29,204.61,74.08,9.53,23.51,32.119,67.01,38.07
2012-03-30,202.51,74.37,9.57,23.83,32.255,67.21,38.23
2012-04-02,198.05,75.17,9.68,23.88,32.29,67.56,38.52
2012-04-03,199.66,74.65,9.49,23.45,31.94,67.09,38.46
2012-04-04,193.99,73.67,9.2,23.27,31.21,67.26,38.39
2012-04-05,194.39,73.59,9.23,23.11,31.52,67.31,37.66
2012-04-09,191.87,72.43,8.93,23.14,31.1,66.81,37.46
2012-04-10,186.98,70.6,8.54,23.27,30.47,66.35,36.8
2012-04-11,187.97,71.77,8.86,23.41,30.345,66.44,37.38
2012-04-12,190.69,73.5,9.17,25.1,30.975,66.09,37.55
2012-04-13,188.46,72.92,8.68,24.57,30.81,65.81,37.26
2012-04-16,185.5,72.68,8.79,24.31,31.075,66.78,37.43
2012-04-17,188.39,74.09,8.92,24.72,31.44,67.02,37.74
2012-04-18,191.07,73.71,8.92,24.93,31.14,66.75,37.66
2012-04-19,191.1,73.1,8.77,24.71,31.01,66.57,38.15
2012-04-20,189.98,73.55,8.36,24.51,32.42,67.51,38.73
2012-04-23,188.24,72.86,8.18,24.27,32.119,66.65,38.57
2012-04-24,190.33,73.21,8.21,24.44,31.92,67,39.5
2012-04-25,194.42,77.08,8.26,24.83,32.2,66.89,39.48
2012-04-26,195.99,76.99,8.27,24.87,32.11,66.87,40.14
2012-04-27,226.85,77.27,8.25,24.75,31.98,64.44,40.23
2012-04-30,231.9,76.8,8.109,24.76,32.015,63.64,40.38
2012-05-01,230.04,77.25,8.31,25.17,32.009,63.57,40.56
2012-05-02,230.25,77.26,8.16,25.25,31.8,63.98,40.6
2012-05-03,229.45,76.83,8,24.48,31.76,64.51,40.64
2012-05-04,223.99,75.84,7.74,24.27,30.98,64.28,40.26
2012-05-07,225.16,75.96,7.96,23.87,30.65,64.25,40.53
2012-05-08,223.9,75.4,7.79,23.32,30.5,64.16,40.55
2012-05-09,222.98,74.05,7.73,23.33,30.76,63.67,40.25
2012-05-10,226.69,73.8,7.7,23.51,30.74,64.14,40.55
2012-05-11,227.68,73.56,7.55,23.15,31.16,63.68,41.16
2012-05-14,222.93,73.12,7.35,22.965,30.68,63.58,40.89
2012-05-15,224.39,72.58,7.3,22.4,30.21,63.72,41.05
2012-05-16,224.06,72.35,7.11,22.03,29.9,64.29,40.88
2012-05-17,218.36,69.73,6.98,22.06,29.72,63.96,41.37
2012-05-18,213.85,69.15,7.02,21.46,29.27,63.52,41.53
2012-05-21,218.11,71.78,6.83,21.89,29.75,63.39,41.34
2012-05-22,215.33,71.48,6.98,21.78,29.76,63.15,41.39
2012-05-23,217.28,71.57,7.17,21.08,29.11,62.39,41.28
2012-05-24,215.24,71.39,7.14,21.77,29.07,62.57,41.39
2012-05-25,212.89,70,7.15,22.33,29.06,62.49,41.45
2012-05-29,214.75,70.4,7.44,22.8,29.56,62.95,41.75
2012-05-30,209.23,69.39,7.2,22.74,29.34,62.32,41.42
2012-05-31,212.91,69.61,7.35,22.68,29.19,62.29,41.64
2012-06-01,208.22,67.24,7.02,21.25,28.45,61.55,41.03
2012-06-04,214.57,67.5,6.9,21.06,28.55,61.4,41.34
2012-06-05,213.21,67.58,7.1,21.68,28.505,61.165,41.2
2012-06-06,217.64,69.02,7.64,22.35,29.35,61.8,41.77
2012-06-07,218.8,69.95,7.42,22.06,29.23,62.76,41.64
2012-06-08,218.48,69.94,7.56,22.31,29.65,62.75,42.44
2012-06-11,216.5,70.11,7.28,21.41,28.895,62.54,42.56
2012-06-12,216.42,72.58,7.49,21.7,29.29,62.76,42.94
2012-06-13,214.73,72.06,7.5,21.48,29.13,62.57,42.99
2012-06-14,214.45,71.85,7.66,21.59,29.34,63.18,43.75
2012-06-15,218.35,71.99,7.9,21.64,30.02,62.88,43.55
2012-06-18,222.66,71.9,7.76,21.05,29.84,62.29,43.82
2012-06-19,224.03,72.92,8.109,20.81,30.7,62.21,43.73
2012-06-20,223.02,73.01,8.14,21.16,30.93,60.39,43.3
2012-06-21,220.575,71.37,7.82,20.295,30.135,59.75,43.33
2012-06-22,222.16,71.96,7.94,20.37,30.7,59.83,43.95
2012-06-25,220.07,71.05,7.6,19.545,29.865,59.31,43.65
2012-06-26,225.61,70.93,7.615,19.355,30.02,59.27,43.84
2012-06-27,225.62,71.87,7.77,19.51,30.17,59.98,43.78
2012-06-28,221.31,71.58,7.74,19.36,29.91,60.29,43.97
2012-06-29,228.35,74.3,8.18,20.11,30.59,61.25,44.44
2012-07-02,229.32,73.18,8.05,20.16,30.56,61.19,44.93
2012-07-03,229.53,74.27,8.06,20.36,30.76,61.36,44.95
2012-07-05,227.06,74.44,7.82,20.28,30.7,61.35,44.89
2012-07-06,225.05,73.69,7.66,19.57,30.185,61.28,44.42
2012-07-09,225.05,74.03,7.56,19.43,30,61.55,44.74
2012-07-10,219.5,73.22,7.48,19.11,29.74,61.73,44.7
2012-07-11,218.37,71.52,7.63,19.69,29.3,61.4,44.9
2012-07-12,215.36,71.71,7.48,19.35,28.63,63.7,44.67
2012-07-13,218.39,73.51,7.82,18.98,29.39,65.09,45.21
2012-07-16,216.01,72.97,7.81,18.81,29.44,64.81,45.27
2012-07-17,216.93,73.11,7.92,18.87,29.66,65.349,45.66
2012-07-18,217.47,73.89,7.53,19.3,30.45,64.819,45.89
2012-07-19,226.17,74.86,7.26,19.095,30.665,64.92,44.54
2012-07-20,228.29,73.89,7.07,18.605,30.115,64.73,44.49
2012-07-23,226.01,72.91,7.09,18.3,29.28,64.39,44.35
2012-07-24,223.04,72.03,7.04,17.985,29.15,64.019,43.77
2012-07-25,217.05,74.03,7.07,17.78,28.83,64.019,43.72
2012-07-26,220.01,74.91,7.17,18.01,29.16,64.56,44.46
2012-07-27,237.32,75.51,7.31,18.565,29.755,65.09,44.9
2012-07-30,236.09,74.86,7.28,18.26,29.64,65.099,44.95
2012-07-31,233.3,73.91,7.34,18.24,29.47,64.54,45.14
2012-08-01,232.09,72.77,7.22,17.66,29.41,64.01,45.21
2012-08-02,230.81,71.99,7.18,17.55,29.19,63.51,44.62
2012-08-03,234.97,72.81,7.43,18.26,29.75,65.5,44.46
2012-08-06,233.99,72.89,7.64,18.69,29.95,65.81,44.69
2012-08-07,236.56,74.46,7.67,18.96,30.26,66.22,44.47
2012-08-08,234.38,74.6,7.67,19.41,30.33,66.72,44.18
2012-08-09,234.06,74.28,7.72,19.41,30.5,66.73,44.34
2012-08-10,232.75,74.21,7.74,19.7,30.42,66.77,44.6
2012-08-13,232.44,74.19,7.72,19.62,30.39,66.48,44.27
2012-08-14,233.19,73.81,7.78,19.36,30.13,66.73,44.33
2012-08-15,237.42,73.07,7.87,19.29,30.2,66.64,44.19
2012-08-16,241.55,73.64,7.93,19.52,30.78,67,44.12
2012-08-17,241.17,73.91,8,19.52,30.9,67,44.06
2012-08-20,240.35,73.83,8.15,20.09,30.74,66.75,43.7
2012-08-21,239.45,73.27,8.189,19.93,30.8,66.77,42.89
2012-08-22,243.1,72.8,8.22,19.2,30.54,66.85,42.62
2012-08-23,241.197,70.36,8.15,17.635,30.255,66.68,42.25
2012-08-24,245.74,71.09,8.16,17.58,30.56,67.02,43.17
2012-08-27,243.92,71.38,8.07,17.21,30.69,67.11,42.76
2012-08-28,246.11,71.52,7.96,16.9,30.63,66.99,42.67
2012-08-29,247.12,71.44,8,16.94,30.65,66.87,43.09
2012-08-30,246.22,70.82,7.91,16.78,30.32,66.88,42.77
2012-08-31,248.27,71.4,7.99,16.88,30.82,67.19,42.94
2012-09-04,247.88,70.87,8,16.99,30.385,67.4,43.7
2012-09-05,246.22,71.92,7.95,17.27,30.39,67.29,43.8
2012-09-06,251.38,72.82,8.35,17.59,31.345,68.24,44.15
2012-09-07,259.14,72.89,8.8,17.42,30.95,68.52,43.72
2012-09-10,257.089,71.08,8.58,17.43,30.72,68.51,44.06
2012-09-11,255.67,71.27,9.03,17.95,30.79,68.26,44.24
2012-09-12,255.63,70.96,8.97,17.99,30.78,68.1,44.89
2012-09-13,260.24,71.58,9.4,18.24,30.935,68.91,45.58
2012-09-14,261.269,71.28,9.55,18.17,31.21,69.16,44.53
2012-09-17,258,69.92,9.3,18.21,31.21,69.25,44.58
2012-09-18,258.75,70.45,9.23,18.25,31.175,69.22,44.91
2012-09-19,261.68,69.9,9.29,18.1,31.052,69.26,45.27
2012-09-20,260.81,69.85,9.19,17.76,31.45,69.56,45.49
2012-09-21,257.47,69.97,9.11,17.59,31.19,69.42,45.64
2012-09-24,254.805,70.03,9.1,17.21,30.78,69.76,45.68
2012-09-25,252.46,69.38,8.925,16.71,30.39,69.59,45.62
2012-09-26,249.67,70.25,8.815,17.11,30.165,69.3,45.59
2012-09-27,256.589,70.1,8.97,17.225,30.16,69.3,45.76
2012-09-28,254.32,69.595,8.83,17.06,29.76,69.36,45.57
2012-10-01,252.01,70.01,8.96,17.21,29.49,69.45,45.81
2012-10-02,250.6,69.53,8.93,17.13,29.66,68.79,45.86
2012-10-03,255.92,69.86,9.11,14.91,29.86,69.17,46.28
2012-10-04,260.47,69.94,9.41,14.94,30.03,69.38,47.26
2012-10-05,258.51,70.89,9.32,14.73,29.85,69.63,47.05
2012-10-08,259.06,70.57,9.28,14.46,29.78,69.1,46.57
2012-10-09,250.96,70.64,9.21,14.37,29.28,68.7,46.11
2012-10-10,244.99,70.34,9.21,14.18,28.98,68.14,45.78
2012-10-11,244.22,70.83,9.34,14.25,28.95,68,45.2
2012-10-12,242.36,71.85,9.12,14.41,29.2,67.94,44.62
2012-10-15,244.18,72.25,9.44,14.47,29.51,68.71,44.5
2012-10-16,243.94,73.48,9.46,14.57,29.49,69,44.08
2012-10-17,247.49,73.63,9.44,14.72,29.59,69.47,44.72
2012-10-18,244.85,74.26,9.47,14.8,29.495,69.47,45.78
2012-10-19,240,74.01,9.44,14.48,28.64,68.57,45.16
2012-10-22,233.78,73.7,9.55,14.71,28,68.5,44.77
2012-10-23,234.31,72.82,9.36,14.26,28.046,67.44,44.07
2012-10-24,228.49,72.71,9.31,14.04,27.901,68.08,44.23
2012-10-25,222.92,71.54,9.24,14.19,27.88,70.07,44.25
2012-10-26,238.24,71.11,9.12,14.09,28.21,69.44,44.73
2012-10-31,232.893,70.44,9.32,13.85,28.54,69.24,44.64
2012-11-01,232.14,70.79,9.74,14,29.515,69.25,45.14
2012-11-02,232.422,70.05,9.85,13.76,29.5,69.19,44.52
2012-11-05,234.33,70.41,9.75,14.01,29.63,68.67,44.2
2012-11-06,237.56,72.02,9.94,14.4,29.86,68.93,44.3
2012-11-07,232.06,70.11,9.23,13.69,29.08,68.06,43.19
2012-11-08,227.35,70.98,9.39,13.82,28.81,66.91,42.61
2012-11-09,226.31,73.25,9.43,13.61,28.83,67.01,42.64
2012-11-12,226.47,73.69,9.39,13.41,28.22,67.08,42.56
2012-11-13,226.6,73.36,9.33,13.14,27.09,66.85,42.54
2012-11-14,222.95,71.29,8.99,13.135,26.84,66.53,42.24
2012-11-15,220.599,71.04,9.09,13.08,26.66,66.32,41.7
2012-11-16,225.23,70.77,9.12,12.85,26.521,66.82,41.4
2012-11-19,229.71,71.96,9.49,13.3,26.728,67.92,42.81
2012-11-20,233.78,72.54,9.63,11.71,26.71,68.3,42.82
2012-11-21,238.03,73.15,9.77,11.94,26.95,68.47,43.16
2012-11-23,239.88,73.74,9.9,12.44,27.7,69.59,43.76
2012-11-26,243.62,74.27,9.835,12.74,27.385,69.48,43.3
2012-11-27,243.402,74.49,9.66,12.36,27.08,68.99,42.98
2012-11-28,247.11,74.09,9.76,12.73,27.36,69.44,43.56
2012-11-29,251.27,74.12,9.83,12.89,26.95,69.5,44.01
2012-11-30,252.05,74.28,9.86,12.99,26.615,69.83,44.12
2012-12-03,250.329,74.02,9.8,12.87,26.429,69.58,44.1
2012-12-04,252.488,74.05,9.91,13.53,26.37,69.31,43.67
2012-12-05,253.96,73.87,10.46,13.82,26.67,69.41,44.1
2012-12-06,253.37,73.98,10.455,13.83,26.725,69.95,44.45
2012-12-07,253.268,74.64,10.635,13.94,26.455,70.29,44.41
2012-12-10,247.77,75.53,10.57,14.16,26.94,70.22,44.03
2012-12-11,250.69,75.82,10.51,14.26,27.32,70.66,44.44
2012-12-12,251.76,75.47,10.61,14.53,27.24,70.76,44.79
2012-12-13,251.25,74.32,10.54,14.5,27.11,70.13,44.52
2012-12-14,249.19,74.02,10.58,14.75,26.81,69.93,44.21
2012-12-17,253.86,74.65,11,14.21,27.095,69.93,44.12
2012-12-18,260.399,75.52,11.36,14.53,27.56,69.97,43.87
2012-12-19,257.99,75.51,11.19,14.38,27.31,69.34,43.38
2012-12-20,261.5,76.2,11.52,14.43,27.68,69.82,43.81
2012-12-21,256.92,76.17,11.29,14.34,27.45,68.72,43.57
2012-12-24,258.62,75.97,11.25,14.01,27.06,68.52,43.54
2012-12-26,248.63,76.02,11.54,14.12,26.86,68,43.45
2012-12-27,248.31,75.83,11.47,14.04,26.96,67.97,43.48
2012-12-28,245.18,74.69,11.36,13.68,26.55,67.15,42.9
2012-12-31,250.87,75.36,11.61,14.25,26.71,67.89,43.27
2013-01-02,257.31,77.07,12.03,15.02,27.62,69.39,44.27
2013-01-03,258.48,77.47,11.96,15.14,27.25,68.95,44.06
2013-01-04,259.149,77.69,12.11,15.14,26.74,69.09,44.3
2013-01-07,268.459,76.13,12.09,15.17,26.69,68.62,44.69
2013-01-08,266.38,74.13,11.98,15.39,26.55,68.51,43.1
2013-01-09,266.35,76.76,11.43,15.85,26.7,68.88,43
2013-01-10,265.34,77.09,11.78,16.28,26.46,69.27,43.59
2013-01-11,267.94,75.16,11.63,16.16,26.83,69.22,43.3
2013-01-14,272.73,76.55,11.47,16.95,26.89,69.63,42.59
2013-01-15,271.9,76.94,11.55,16.53,27.21,69.88,41.97
2013-01-16,268.93,74.34,11.78,17.21,27.04,69.34,41.51
2013-01-17,270.48,75.26,11.28,17.11,27.25,69.67,42.13
2013-01-18,272.12,75.04,11.14,17.11,27.25,69.94,42.54
2013-01-22,270.19,74.16,11.35,17.25,27.15,69.95,42.94
2013-01-23,268.11,74.29,11.42,17.01,27.61,70.69,42.79
2013-01-24,273.62,75.32,11.53,17.01,27.63,70.42,42.59
2013-01-25,283.99,75.03,11.62,16.99,27.88,73.25,42.67
2013-01-28,276.04,74,11.48,17.02,27.91,73.77,42.77
2013-01-29,260.35,73.65,11.49,16.48,28.01,75,43.5
2013-01-30,272.764,74.59,11.38,16.4,27.85,75.08,43.61
2013-01-31,265.5,73.87,11.32,16.51,27.45,75.16,43.61
2013-02-01,265,74.87,11.71,16.46,27.93,75.92,44.56
2013-02-04,259.98,75.21,11.48,16.18,27.44,75.25,44.52
2013-02-05,266.89,75.89,11.88,16.61,27.495,75.7,44.56
2013-02-06,262.22,76.29,11.93,16.69,27.34,76.15,44.75
2013-02-07,260.23,77.43,11.84,16.44,27.283,76.15,44.46
2013-02-08,261.95,76.56,11.76,16.87,27.55,75.75,44.35
2013-02-11,257.209,75.87,11.86,16.83,27.86,75.81,44.32
2013-02-12,258.7,75.99,12.245,17.1,27.88,75.98,44.44
2013-02-13,269.47,74.78,12.17,17.01,28.03,76.56,44.52
2013-02-14,269.24,74.93,12.13,17.03,28.04,76.78,44.33
2013-02-15,265.09,75.03,12.03,16.79,28.01,76.54,44.4
2013-02-19,269.75,74.65,12.19,16.89,28.045,77.38,44.5
2013-02-20,266.41,74.78,11.8,16.7,27.87,77.08,44.92
2013-02-21,265.94,76.01,11.42,17.1,27.49,77.04,45.12
2013-02-22,265.42,76.66,11.44,19.2,27.76,76.99,45.4
2013-02-25,259.87,75.03,11.03,19.07,27.37,75.92,45.72
2013-02-26,259.36,75.65,11.13,19.79,27.37,76.08,46.12
2013-02-27,263.25,77.36,11.3,19.77,27.81,76.75,46.35
2013-02-28,264.27,76.9,11.23,20.14,27.8,76.18,46.53
2013-03-01,265.74,77.28,11.34,20.15,27.95,76.49,46.72
2013-03-04,273.11,77.09,11.41,19.97,28.15,76.68,47.11
2013-03-05,275.59,78.66,11.55,20.37,28.35,77.05,47.69
2013-03-06,273.79,79.08,11.92,20.93,28.09,77.2,47.28
2013-03-07,273.88,81.05,12.26,20.85,28.14,76.9,47.48
2013-03-08,274.19,81.23,12.07,21,28,77.18,47.96
2013-03-11,271.24,82.94,12.15,21.03,27.87,77.35,47.81
2013-03-12,274.13,84.16,12.01,21.4,27.91,77.17,48.36
2013-03-13,275.1,84.75,12.06,21.32,27.915,76.8,47.94
2013-03-14,265.74,84.62,12.11,21.93,28.135,77.39,48.48
2013-03-15,261.82,86.43,12.57,22.18,28.035,76.34,48.02
2013-03-18,257.89,85.18,12.56,22.83,28.1,76.16,48.75
2013-03-19,256.41,85.51,12.71,23.11,28.18,77.11,48.95
2013-03-20,257.278,85.37,12.78,22.92,28.315,77.58,48.6
2013-03-21,253.39,84.33,12.57,22.32,28.11,77.21,48.8
2013-03-22,257.75,84.82,12.56,23.04,28.25,77.27,49.02
2013-03-25,256.019,84.85,12.4,23.1,28.16,76.68,49.16
2013-03-26,260.31,86.62,12.28,23.64,28.155,77.4,49.48
2013-03-27,265.3,86.2,12.23,23.58,28.37,77.06,48.94
2013-03-28,266.49,85.85,12.18,23.84,28.605,77.06,49.15
2013-04-01,261.61,85.25,12.15,23.31,28.61,77.7,49.22
2013-04-02,263.322,84.09,12.15,22.1,28.8,78.96,49.5
2013-04-03,259.029,84.36,11.81,21.91,28.56,78.12,48.99
2013-04-04,259.079,84.95,11.94,22.3,28.595,78.54,49.3
2013-04-05,255.48,86.17,11.97,21.97,28.7,78.23,49.56
2013-04-08,258.95,86.75,12.21,21.93,28.59,78.79,49.43
2013-04-09,261.14,87.21,12.25,22.22,29.61,78.26,49.36
2013-04-10,264.77,87.82,12.32,22.32,30.28,79.24,49.86
2013-04-11,269.85,88.53,12.27,20.88,28.935,79.67,50.51
2013-04-12,272.87,88.89,12.17,20.9,28.79,80.08,50.86
2013-04-15,267.72,86.77,11.98,20.68,28.69,79.65,50.64
2013-04-16,272.34,86.89,12.28,21.03,28.97,80.1,50.46
2013-04-17,267.4,86.69,11.7,20.49,28.825,79.06,49.54
2013-04-18,259.42,86.12,11.44,20.21,28.79,79.87,50.91
2013-04-19,260.32,87.96,11.66,19.56,29.765,81.43,52.25
2013-04-22,263.55,86.94,11.72,19.76,30.83,81.4,52.19
2013-04-23,268.9,88.18,12.07,19.65,30.6,82.54,52.32
2013-04-24,268.78,90.83,12.31,19.84,31.76,77.12,51.8
2013-04-25,274.7,91.67,12.44,19.59,31.94,76.58,53.22
2013-04-26,254.81,92.85,12.42,19.97,31.79,77.1,53.63
2013-04-29,249.74,91.9,12.38,20.5,32.61,77.68,53.46
2013-04-30,253.81,91.41,12.31,20.6,33.1,76.77,53.91
2013-05-01,248.23,91.18,12.14,20.35,32.72,76.99,52.4
2013-05-02,252.55,92.21,12.19,20.45,33.16,77.76,52.53
2013-05-03,258.05,93.74,12.24,20.63,33.49,78.19,52.68
2013-05-06,255.72,94.19,12.88,20.64,33.75,77.75,52.05
2013-05-07,257.73,94.79,12.9,20.5,33.31,77.94,52.92
2013-05-08,258.68,94.04,13.02,21.07,32.99,78.44,53.11
2013-05-09,260.16,94.61,12.91,21.18,32.659,78.21,52.71
2013-05-10,263.63,94.24,13.02,21.54,32.689,78.76,52.89
2013-05-13,264.51,94.76,12.98,21.35,33.03,78.59,52.55
2013-05-14,268.33,96.11,13.34,21.52,33.53,79.47,53.17
2013-05-15,266.56,97.02,13.44,20.97,33.845,80.68,53.6
2013-05-16,264.12,96.58,13.36,21.36,34.08,80.2,53.2
2013-05-17,269.9,98.92,13.43,21.27,34.87,80.02,53.35
2013-05-20,267.63,98.72,13.51,21.18,35.08,79.09,52.74
2013-05-21,268.86,98.75,13.44,21.11,34.85,78.8,52.07
2013-05-22,262.96,97.93,13.31,21.23,34.61,78.82,51.47
2013-05-23,261.8,99.75,13.21,24.86,34.15,78.7,51.89
2013-05-24,261.74,100,13.24,24.21,34.269,81.88,51.39
2013-05-28,267.29,100.11,13.35,24.65,35.02,80.86,50.82
2013-05-29,265.53,99.09,13.48,25.24,34.88,78.9,49.57
2013-05-30,266.83,100.54,13.83,25.26,35.03,79.09,49.08
2013-05-31,269.2,99.02,13.66,24.42,34.9,76.76,48.48
2013-06-03,266.88,100.74,13.55,24.9,35.59,77.66,48.66
2013-06-04,265.7,99.61,13.36,24.62,34.99,77.37,48.84
2013-06-05,267.17,98.49,13.09,24.19,34.78,76.66,48.3
2013-06-06,267.83,99.76,13.2,24.25,34.96,76.82,49.97
2013-06-07,276.87,102.49,13.38,24.81,35.67,77.75,50.24
2013-06-10,281.07,102.24,13.3,24.49,35.47,78.07,50.53
2013-06-11,274.78,101.75,13.12,24.24,34.84,78.12,50.18
2013-06-12,271.67,100.88,13.06,24.91,35,77.6,49.9
2013-06-13,275.79,102.16,13.21,24.93,34.715,78.43,50.64
2013-06-14,273.99,101.83,13.07,24.74,34.4,78.03,51.07
2013-06-17,278.06,103.03,13.21,25.16,35,78.96,50.71
2013-06-18,281.76,104.08,13.27,25.44,34.98,79.04,51.55
2013-06-19,278.16,102.25,13.19,25.43,34.59,77.61,50.05
2013-06-20,273.44,99.64,12.89,24.72,33.49,75.25,48.96
2013-06-21,273.36,99.98,12.69,24.15,33.265,77.43,49.52
2013-06-24,270.61,97.85,12.3,23.43,33.715,76.58,49.12
2013-06-25,272.087,98.67,12.67,23.85,33.67,76.69,50.44
2013-06-26,277.57,100.75,12.76,24.01,34.35,77.4,50.66
2013-06-27,277.55,103.15,13.01,24.77,34.62,77.67,51
2013-06-28,277.69,102.44,12.86,24.8,34.545,76.99,50.34
2013-07-01,282.1,103.24,12.93,24.93,34.36,78.02,50.36
2013-07-02,283.73,101.47,12.9,25.02,33.94,78.44,50.63
2013-07-03,284.03,102.89,12.83,25.18,34.01,78.57,51.01
2013-07-05,285.88,104.2,13.06,25.58,34.21,78.34,51.3
2013-07-08,290.59,104.37,13.28,25.17,34.325,78.76,51.17
2013-07-09,291.53,104.68,13.53,25.47,34.35,79.57,50.96
2013-07-10,292.33,105.5,13.37,25.93,34.7,79.8,50.54
2013-07-11,299.66,106.88,13.51,26.38,35.685,80.77,51.21
2013-07-12,307.55,101.87,13.78,26.19,35.67,81.55,50.41
2013-07-15,306.57,105.66,13.88,26.38,36.17,81.51,49.96
2013-07-16,306.87,104.23,13.92,26.45,36.27,80.97,50.28
2013-07-17,308.69,104.79,14.31,26.31,35.74,80.09,50.74
2013-07-18,304.11,107.63,14.76,26.33,35.44,80.3,49.97
2013-07-19,305.23,106.96,14.75,25.14,31.4,81.37,49.95
2013-07-22,303.48,106.86,14.92,25.51,32.009,81.22,50.27
2013-07-23,301.06,107.79,14.94,25.73,31.82,80.95,50.36
2013-07-24,298.94,106.95,14.71,26.11,31.96,80.27,50.38
2013-07-25,303.4,106.7,14.83,26.24,31.39,80.41,50.71
2013-07-26,312.01,105.6,14.73,25.99,31.62,80.39,51.02
2013-07-29,306.1,104.81,14.52,25.67,31.54,80.09,51.49
2013-07-30,302.41,105.73,14.52,25.78,31.85,80.44,50.42
2013-07-31,301.22,105.1,14.6,25.68,31.84,80.3,49.48
2013-08-01,305.57,106.7,14.95,26.23,31.67,81.64,50.01
2013-08-02,304.21,107.9,14.84,27,31.89,81.29,50.25
2013-08-05,300.99,107.5,14.8,27.03,31.7,81.4,50.21
2013-08-06,300.75,107.04,14.64,26.44,31.58,81.74,50.09
2013-08-07,296.91,106.42,14.53,26.69,32.063,81.96,49.93
2013-08-08,295.74,105.84,14.61,26.87,32.89,82.17,49.62
2013-08-09,297.26,105.33,14.45,26.77,32.7,81.64,49.32
2013-08-12,296.69,104.24,14.41,26.74,32.87,81.62,49.65
2013-08-13,293.97,106.23,14.51,27.3,32.229,81.66,49.15
2013-08-14,291.34,104.16,14.6,27.18,32.35,81.25,48.89
2013-08-15,286.47,102.73,14.32,25.95,31.79,80.48,48.54
2013-08-16,284.82,103.47,14.42,26.42,31.8,79.9,47.71
2013-08-19,285.57,104.72,14.15,25.88,31.393,79.59,47.5
2013-08-20,287.09,104.63,14.29,25.84,31.62,79.53,47.91
2013-08-21,284.57,103.91,14.34,25.38,31.61,79.38,47.27
2013-08-22,289.73,105.14,14.57,22.22,32.39,79.77,47.02
2013-08-23,290.01,105.48,14.57,22.4,34.75,80.01,47.61
2013-08-26,286.21,105.53,14.49,22.27,34.15,78.54,46.94
2013-08-27,280.93,103.21,14.11,21.99,33.26,77.97,46.95
2013-08-28,281.58,103.27,14.12,22.61,33.02,76.85,46.56
2013-08-29,283.98,104.93,14.17,22.52,33.55,77.31,47.82
2013-08-30,280.98,103.92,14.12,22.34,33.4,77.89,47.38
2013-09-03,288.8,105.01,14.25,22.37,31.88,77.75,46.01
2013-09-04,293.64,106.37,14.32,22.27,31.195,77.49,46.78
2013-09-05,294.1,106.65,14.37,22.12,31.235,77.14,46.64
2013-09-06,295.86,106.07,14.36,22.42,31.151,77.15,46.34
2013-09-09,299.71,107.19,14.48,22.36,31.655,78.16,45.91
2013-09-10,300.36,108.17,14.61,22.27,32.39,77.95,46.47
2013-09-11,299.64,109.23,14.65,22.27,32.74,78.27,46.52
2013-09-12,298.86,109.8,14.48,21.96,32.689,78.26,47.35
2013-09-13,297.92,111.33,14.49,22.07,33.03,79.05,47.76
2013-09-16,296.06,115.67,14.53,21.74,32.801,80.16,48.3
2013-09-17,304.17,117.11,14.55,21.67,32.93,79.83,48.57
2013-09-18,312.034,118.4,14.715,21.795,33.32,80.295,48.72
2013-09-19,312.06,119.04,14.61,21.31,33.64,80.12,48.51
2013-09-20,316.34,116.63,14.44,21.22,32.791,79.39,47.78
2013-09-23,311.49,117.51,14.14,21.2,32.74,79.28,47.981
2013-09-24,314.13,119,14.09,21.24,32.455,78.62,47.27
2013-09-25,312.65,118.51,14.14,21.4,32.505,77.72,46.945
2013-09-26,318.12,119.38,14.08,21.3,32.77,78.05,47.67
2013-09-27,316.01,118.74,13.9,21.17,33.27,77.21,47
2013-09-30,312.64,117.5,13.8,20.99,33.28,75.59,46.675
2013-10-01,320.95,117.75,13.9,21.31,33.58,76.16,46.99
2013-10-02,320.51,117.84,14.06,21.4,33.92,75.93,46.79
2013-10-03,314.76,115.24,14,20.92,33.86,75.84,47.01
2013-10-04,319.04,117.2,14.05,21.26,33.88,76.02,47.1
2013-10-07,310.03,116.69,13.81,20.93,33.3,75.65,47.29
2013-10-08,303.23,115.44,13.69,20.75,33.01,76.33,46.05
2013-10-09,298.23,114.47,13.84,22.6,33.07,76.95,46.2
2013-10-10,305.174,118.9,14.23,22.32,33.76,77.89,46.86
2013-10-11,310.889,117.98,14.19,22.8,34.13,78.48,47.09
2013-10-14,310.7,119.46,14.35,22.9,34.45,78.74,46.81
2013-10-15,306.4,118.18,14.24,22.79,34.49,77.6,46.32
2013-10-16,310.49,120.34,14.56,23.28,34.64,78.34,47.25
2013-10-17,310.77,122.29,14.66,23.385,34.92,79.42,48.9
2013-10-18,328.931,122.52,14.63,23.48,34.96,79.41,50.01
2013-10-21,326.44,121.47,14.52,23.55,34.99,78.97,50.58
2013-10-22,332.54,122.48,14.52,24.05,34.58,80.38,51.14
2013-10-23,326.756,129.02,14.21,23.76,33.76,80.91,50.82
2013-10-24,332.21,128.979,14.17,23.88,33.72,80.61,50.42
2013-10-25,363.39,131.19,14.26,24,35.73,80,50.71
2013-10-28,358.16,129.88,14.23,23.86,35.57,81.3,50.57
2013-10-29,362.7,129.66,14.15,23.84,35.52,82.46,51.09
2013-10-30,361.08,129.68,14.17,24.2,35.54,81.52,50.53
2013-10-31,364.03,130.5,13.97,24.37,35.405,80.75,50.51
2013-11-01,359.001,133.03,14.02,25.92,35.525,81.15,50.49
2013-11-04,358.74,132.79,14.04,25.77,35.94,81.33,51.08
2013-11-05,358.892,133.57,13.93,25.47,36.64,81.43,50.1
2013-11-06,356.18,133.09,13.96,25.61,38.18,82.81,50.61
2013-11-07,343.56,131.51,13.8,25.69,37.5,82.32,50.17
2013-11-08,350.31,133.49,14.32,25.94,37.78,82.51,50.2
2013-11-11,354.378,132.53,14.4,26.35,37.59,82.26,49.96
2013-11-12,349.53,132.33,14.32,26.22,37.36,82.8,50.16
2013-11-13,356.22,133.17,14.64,26.49,38.155,83.5,49.99
2013-11-14,367.395,135.09,14.795,25.07,38.021,84.32,50.27
2013-11-15,369.17,136.08,14.92,25.21,37.841,84.84,50.31
2013-11-18,366.18,138.36,14.92,25,37.2,84.57,50.76
2013-11-19,364.94,136.98,15.2,24.99,36.74,84.34,50.78
2013-11-20,362.57,132.45,15.14,24.94,37.08,84.69,50.4
2013-11-21,368.92,132.93,15.59,25.03,37.4,84.67,50.38
2013-11-22,372.31,135.97,15.64,25.26,37.57,84.95,50.22
2013-11-25,376.64,133,15.81,25.32,37.64,85.41,50.01
2013-11-26,381.37,134.78,15.88,25.09,37.35,84.64,50.05
2013-11-27,386.71,134.72,15.83,27.36,37.6,84.28,49.93
2013-11-29,393.62,134.25,15.82,27.35,38.13,84.22,49.62
2013-12-02,392.3,134.16,15.73,27.32,38.45,83.34,49.26
2013-12-03,384.66,132,15.54,27.5,38.31,83.83,49.6
2013-12-04,385.96,131.5,15.63,28.13,38.94,83.35,49.37
2013-12-05,384.49,132.73,15.43,27.25,38,82.69,48.91
2013-12-06,386.95,135.18,15.56,27.7,38.36,84.52,49.48
2013-12-09,384.89,134.68,15.58,27.25,38.705,84.78,49.57
2013-12-10,387.78,133.7,15.56,27.04,38.11,83.65,49.05
2013-12-11,382.19,132.56,15.25,26.99,37.61,84.02,48.49
2013-12-12,381.25,132.96,15.25,26.6,37.22,82.3,48.13
2013-12-13,384.24,133.83,15.18,26.77,36.69,82.37,47.84
2013-12-16,388.97,134.72,15.24,26.9,36.885,81.69,48.26
2013-12-17,387.65,135.88,15.18,27.45,36.52,80.91,47.56
2013-12-18,395.96,135.49,15.69,27.51,36.58,82.38,48.47
2013-12-19,395.19,135.17,15.75,28.04,36.25,81.9,48.43
2013-12-20,402.2,136.67,15.6,27.79,36.8,81.84,48.08
2013-12-23,402.92,136.4,15.69,28.05,36.62,81.31,48.58
2013-12-24,399.2,136.83,15.7,28.16,37.08,81.31,48.98
2013-12-26,404.39,138.27,15.65,28.31,37.44,81.76,49.18
2013-12-27,398.08,136.9,15.67,28.19,37.29,82.01,49.17
2013-12-30,393.37,135.92,15.54,28.07,37.29,82,49.15
2013-12-31,398.79,136.49,15.57,27.98,37.41,81.41,49.14
2014-01-02,397.97,136.67,16.1,27.66,37.16,80.54,49
2014-01-03,396.44,137.62,16.41,28.34,36.91,80.45,48.42
2014-01-06,393.63,138.41,16.66,28.29,36.13,80.64,48.69
2014-01-07,398.03,140.51,16.5,28.18,36.41,81.42,49.3
2014-01-08,401.92,140.82,16.58,27.45,35.76,80.24,48.5
2014-01-09,401.01,142.13,16.83,27.61,35.53,80.42,47.5
2014-01-10,397.66,141.9,16.77,27.7,36.04,80.3,47.75
2014-01-13,390.98,140.7,16.43,28.12,34.98,80.01,47.03
2014-01-14,397.54,140.01,16.77,28.85,35.78,80.87,47.08
2014-01-15,395.87,140.62,17.15,28.84,36.76,80.79,48.27
2014-01-16,395.8,140.21,17.08,29.56,36.89,80.56,48.53
2014-01-17,399.61,140.46,17.01,29.8,36.38,79.88,48.35
2014-01-21,407.05,141.67,17.01,29.9,36.17,80.18,47.7
2014-01-22,404.54,144.37,17.15,29.84,35.93,79.23,47.33
2014-01-23,399.87,141.31,16.86,29.37,36.055,78.24,47.86
2014-01-24,387.6,136.65,16.45,28.49,36.805,79.18,47.63
2014-01-27,386.28,137.36,16.309,28.6,36.03,78.47,47.69
2014-01-28,394.43,137.09,16.73,29,36.27,79.11,47.36
2014-01-29,384.2,129.78,16.68,29.02,36.66,77.64,47.69
2014-01-30,403.01,126.53,16.93,29.25,36.86,76.87,47.63
2014-01-31,358.69,125.26,16.75,29,37.84,76.62,48.02
2014-02-03,346.15,123.08,16.35,28.04,36.48,75.7,46.41
2014-02-04,347.95,122.04,16.35,28.33,36.35,76.09,46.82
2014-02-05,346.45,121.4,16.4,28.01,35.82,76.45,46.69
2014-02-06,354.59,122.67,16.69,28.49,36.18,76.9,46.68
2014-02-07,361.08,127.02,16.82,29.07,36.56,77.31,46.81
2014-02-10,360.87,127.16,16.72,28.81,36.8,78.03,46.91
2014-02-11,361.79,130.16,16.88,29.36,37.175,78.84,47.21
2014-02-12,349.25,128.13,16.75,29.42,37.47,77.49,47.37
2014-02-13,357.2,129.5,16.75,29.83,37.61,77.8,47.31
2014-02-14,357.35,130.16,16.7,30.02,37.62,79.4,46.51
2014-02-18,353.65,130.63,16.47,29.58,37.42,77.97,45.98
2014-02-19,347.38,128.389,16.2,29.45,37.51,78.14,46.53
2014-02-20,349.8,129.56,16.3,30.19,37.75,77.92,48.12
2014-02-21,346.76,128.28,16.29,29.79,37.98,77.97,47.27
2014-02-24,351.78,129.59,16.53,29.92,37.69,77.86,46.23
2014-02-25,358.32,126.78,16.34,29.88,37.54,78.12,46.29
2014-02-26,359.8,126.61,16.329,29.9,37.47,77.86,46.35
2014-02-27,360.13,128.56,16.49,29.75,37.86,78.19,47.5
2014-02-28,362.1,128.919,16.53,29.88,38.31,78.66,47.58
2014-03-03,359.78,128.22,16.3,29.73,37.78,77.48,47.31
2014-03-04,363.9,130.229,16.73,30.12,38.41,78.45,47.9
2014-03-05,372.37,128.789,17.25,29.94,38.11,77.82,47.38
2014-03-06,372.16,128.86,17.35,30.09,38.15,78.06,47.46
2014-03-07,372.06,128.539,17.33,30.34,37.9,78.38,47.15
2014-03-10,370.53,126.89,17.47,29.9,37.82,78.53,47.03
2014-03-11,368.82,125.67,17.27,29.91,38.02,78.95,46.7
2014-03-12,370.64,124.43,17.28,29.59,38.27,79.24,46.36
2014-03-13,371.51,121.89,17.16,28.91,37.89,79.19,46.03
2014-03-14,373.74,123.11,16.8,29.07,37.7,78.98,46.08
2014-03-17,375.04,125.42,17.11,29.48,38.05,79.84,46.31
2014-03-18,378.77,124.04,17.19,30.56,39.55,79.77,46.7
2014-03-19,373.23,122.24,17.44,31.62,39.27,78.78,46.36
2014-03-20,368.97,123.73,17.92,31.48,40.33,78.32,47.21
2014-03-21,360.62,122.58,17.56,31.95,40.16,77.88,46.91
2014-03-24,351.85,123.42,17.37,31.63,40.5,79.3,47.01
2014-03-25,354.71,124.02,17.21,32.56,40.34,79.81,47.22
2014-03-26,343.41,123.53,17.18,32.35,39.79,79.5,47.01
2014-03-27,338.47,123.21,17.01,31.93,39.36,79.65,47.69
2014-03-28,338.29,124.46,16.98,32.04,40.3,79.76,47.42
2014-03-31,336.365,125.49,17.2,32.36,40.99,80.6,47.57
2014-04-01,342.99,128.21,17.34,33.23,41.42,80.34,47.75
2014-04-02,341.96,128.31,17.23,33.61,41.35,80.13,47.82
2014-04-03,333.62,128.78,17.15,33,41.01,80.1,48.12
2014-04-04,323,127.38,16.72,32.64,39.87,79.77,48.04
2014-04-07,317.76,125.59,16.379,32.7,39.8,80.49,48.12
2014-04-08,327.07,124.15,16.44,32.45,39.82,81.35,48.21
2014-04-09,331.805,126.88,16.62,32.72,40.47,81.49,47.98
2014-04-10,317.11,123.64,16.12,32.8,39.36,81.09,47.47
2014-04-11,311.73,122.07,15.77,32.45,39.209,80.76,47.07
2014-04-14,315.91,123.25,16,32.9,39.18,80.81,47.27
2014-04-15,316.08,124.27,16.39,32.39,39.75,80.84,46.92
2014-04-16,323.68,126.04,16.129,32.49,40.4,81.65,47.1
2014-04-17,324.91,127.92,16.149,31.93,40.01,81.76,47.6
2014-04-21,330.87,127.82,16.09,31.94,39.94,81.56,47.98
2014-04-22,329.32,127.55,16.29,31.77,39.99,81.25,47.92
2014-04-23,324.58,130.63,16.37,31.74,39.69,80.36,47.43
2014-04-24,337.15,129.86,16.34,32,39.86,81.15,46.28
2014-04-25,303.83,128.66,15.95,31.58,39.91,81.41,45.94
2014-04-28,296.58,127.04,14.95,32.189,40.87,82.94,46.6
2014-04-29,300.38,128.37,15.24,32.96,40.51,82.44,46.77
2014-04-30,304.13,129.02,15.14,33.06,40.4,82.55,46.73
2014-05-01,307.89,128.46,15.09,32.64,40,82.34,47.22
2014-05-02,308.01,129.94,15.25,32.49,39.69,81.92,47.12
2014-05-05,310.05,131.96,15.08,32.5,39.43,81.7,47.39
2014-05-06,297.38,130.83,14.73,32.13,39.06,81.13,47.47
2014-05-07,292.71,130.35,14.8,32.32,39.425,82.09,48.1
2014-05-08,288.32,130.57,14.93,32.229,39.64,82.16,48.49
2014-05-09,292.24,131.1,14.74,32.36,39.54,82.39,48.48
2014-05-12,302.86,132.6,15.07,32.82,39.97,81.73,48.16
2014-05-13,304.64,133.45,15.03,33.28,40.42,81.61,47.85
2014-05-14,297.62,132.99,14.84,32.97,40.24,81.17,48.01
2014-05-15,295.19,131.21,14.55,32.409,39.6,80.53,47.96
2014-05-16,297.7,130.81,14.51,32.52,39.83,80.33,49.07
2014-05-19,296.755,131.35,14.67,33.11,39.75,79.93,49.15
2014-05-20,301.19,129.58,14.53,32.8,39.68,80.23,48.65
2014-05-21,305.01,130.96,14.61,32.52,40.35,80.49,49.17
2014-05-22,304.91,131.84,14.71,31.78,40.1,80.65,49.45
2014-05-23,312.24,132.41,14.72,33.72,40.12,80.52,49.74
2014-05-27,310.82,134.17,15.22,33.1,40.19,80.08,49.62
2014-05-28,310.16,134.33,15.14,33.35,40.01,80.1,49.74
2014-05-29,313.78,135.14,15.15,33.64,40.34,80.4,49.72
2014-05-30,312.55,135.25,15.14,33.5,40.94,80.79,49.96
2014-06-02,308.84,135.9,15.26,33.43,40.79,80.36,50.05
2014-06-03,307.19,135.88,15.21,33.69,40.29,79.93,49.29
2014-06-04,306.78,135.33,15.21,33.76,40.32,79.86,49.15
2014-06-05,323.57,136.82,15.43,33.87,41.21,80.11,49.28
2014-06-06,329.67,138.25,15.59,33.84,41.48,80.03,49.42
2014-06-09,327.5,137.96,15.84,33.74,41.27,80.09,49.57
2014-06-10,332.41,137.25,15.92,33.61,41.11,80.15,49.52
2014-06-11,335.2,134.1,15.59,33.25,40.86,80.06,49.37
2014-06-12,325.91,132.19,15.42,33.39,40.58,79.76,49.04
2014-06-13,326.27,132.29,15.44,35.16,41.23,79.64,49.18
2014-06-16,327.62,132.54,15.28,34.9,41.5,79.69,49.31
2014-06-17,325.62,132.45,15.59,34.91,41.68,79.58,49.21
2014-06-18,334.38,132.48,15.65,34.71,41.65,79.79,49.42
2014-06-19,327,132.82,15.55,34.48,41.51,80.24,49.47
2014-06-20,324.2,132.1,15.45,34.22,41.68,79.93,49.39
2014-06-23,327.24,130.85,15.64,34.52,41.99,79.52,49.73
2014-06-24,324.16,129.15,15.49,33.95,41.745,79.01,49.28
2014-06-25,327.44,127.06,15.47,33.59,42.03,79.32,49.41
2014-06-26,325.69,128.02,15.41,33.91,41.72,78.62,49.21
2014-06-27,324.57,128.539,15.33,33.91,42.25,79.02,49.32
2014-06-30,324.78,127.23,15.37,33.68,41.7,78.59,48.93
2014-07-01,332.39,128.15,15.6,34.18,41.87,79.28,49.37
2014-07-02,332.85,127.62,15.85,33.88,41.9,79.56,49.66
2014-07-03,337.491,128.509,16.03,34,41.8,79.98,49.71
2014-07-07,333.55,129.09,15.94,33.87,41.99,80.19,49.75
2014-07-08,323.81,126.79,15.58,33.5,41.78,80.56,48.76
2014-07-09,329.97,126.79,15.6,33.65,41.67,81.67,48.9
2014-07-10,327.92,126.79,15.44,33.85,41.685,81.61,49.64
2014-07-11,346.2,128.09,15.38,33.97,42.09,81.16,50.32
2014-07-14,355.32,129.52,15.57,34.15,42.14,81.32,50.53
2014-07-15,354.44,129.1,15.81,34.15,42.45,81.26,50.71
2014-07-16,355.9,127.42,15.51,34.82,44.08,80.94,50.96
2014-07-17,352.454,125.88,15.2,34.81,44.53,80.55,50.32
2014-07-18,358.66,127.64,15.49,34.81,44.69,80.55,50.75
2014-07-21,359.76,128.3,15.52,34.52,44.835,80.28,50.7
2014-07-22,360.84,129.74,15.52,35.15,44.83,80.1,50.98
2014-07-23,358.14,126.71,15.52,34.98,44.87,79.99,50.91
2014-07-24,358.61,124.4,15.62,35.04,44.4,80.26,51.05
2014-07-25,324.01,123.2,15.59,35.43,44.5,79.56,51.28
2014-07-28,320.41,123.06,15.5,35.6,43.97,79.26,51.58
2014-07-29,320,122.32,15.34,35.94,43.885,78.65,51.97
2014-07-30,322.51,122.29,15.58,36.11,43.578,78.16,51.76
2014-07-31,312.99,120.48,15.25,35.61,43.16,77.32,50.42
2014-08-01,307.06,120.38,14.98,35.19,42.86,79.65,49.83
2014-08-04,313.65,119.93,15.05,35.33,43.37,79.22,50.21
2014-08-05,312.32,121.27,15,35.07,43.08,79.41,49.66
2014-08-06,313.89,118.34,15.2,35.04,42.74,81.09,49.13
2014-08-07,311.45,119.84,15.12,34.82,43.23,80.14,48.65
2014-08-08,316.8,120.63,15.2,35.17,43.2,80.95,48.7
2014-08-11,318.33,120.8,15.22,35.2,43.2,81.48,48.67
2014-08-12,319.32,120.47,15.21,35.12,43.52,81.42,48.84
2014-08-13,326.28,121.98,15.25,35.3,44.08,81.48,48.92
2014-08-14,333.21,124.11,15.32,35.59,44.27,81.95,49
2014-08-15,333.63,123.16,15.22,35.07,44.79,81.78,48.8
2014-08-18,334.53,124.98,15.45,35.34,45.11,82.44,48.78
2014-08-19,335.13,125.58,15.45,35.48,45.33,82.69,48.7
2014-08-20,335.78,127.35,15.52,35.12,44.95,82.81,48.82
2014-08-21,332.91,127.5,16.16,37,45.22,83.28,48.87
2014-08-22,331.59,127.46,16.129,36.84,45.15,83.39,48.64
2014-08-25,334.02,128.33,16.29,37.15,45.17,83.54,49.15
2014-08-26,341.83,128.6,16.329,37.83,45.005,83.38,49.25
2014-08-27,343.18,128.199,16.2,38.16,44.87,83.31,49.43
2014-08-28,340.02,127.11,16.01,37.99,44.88,83.03,49.41
2014-08-29,339.04,126.8,16.09,38,45.43,83.11,49.82
2014-09-02,342.38,125.48,16.27,38.05,45.09,82.98,49.77
2014-09-03,339,125.94,16.1,38.07,44.96,82.9,49.88
2014-09-04,345.95,125.46,16.11,37.66,45.26,83.7,49.72
2014-09-05,346.38,124.69,16.02,37.58,45.91,83.77,49.94
2014-09-08,342.34,127.98,16.35,37.28,46.47,83.32,49.53
2014-09-09,329.75,128.21,16.14,36.79,46.76,82.99,48.9
2014-09-10,331.33,128.22,16.36,37.03,46.84,83.64,48.75
2014-09-11,330.52,127.64,16.57,36.76,47,83.49,49.01
2014-09-12,331.19,126.95,16.79,36.56,46.695,83.26,48.4
2014-09-15,323.89,126.31,16.74,36.25,46.24,83.87,48.56
2014-09-16,327.76,127.32,16.71,36.26,46.76,84.08,48.96
2014-09-17,324,127.76,16.77,36.67,46.52,84.16,49.21
2014-09-18,325,128.58,17.04,37.01,46.68,84.19,49.69
2014-09-19,331.32,129.35,16.95,36.79,47.52,84.47,50.35
2014-09-22,324.5,128.61,17.03,36.47,47.06,84.81,50.18
2014-09-23,323.63,127.38,17.05,35.79,46.56,84.44,49.91
2014-09-24,328.21,128.58,17.18,35.95,47.08,85.24,50.07
2014-09-25,321.93,127.14,16.85,35.27,46.04,84.33,49.61
2014-09-26,323.21,128.69,17.03,35.37,46.41,84.58,49.77
2014-09-29,321.82,128.77,17.01,34.97,46.44,84.44,49.75
2014-09-30,322.44,127.38,17.05,35.47,46.36,83.74,49.99
2014-10-01,317.46,124.67,16.82,34.55,45.9,83.14,49.43
2014-10-02,318.41,124.17,16.88,34.51,45.76,83.05,49.29
2014-10-03,322.74,126.36,17.29,35.2,46.09,83.79,49.71
2014-10-06,322.2,126.26,17.29,36.87,46.09,83.57,50.08
2014-10-07,316.98,123.32,16.88,35.22,45.53,83.16,49.68
2014-10-08,322.7,124.98,17.12,35.92,46.78,84.18,49.87
2014-10-09,315.37,122.76,16.59,34.32,45.85,83.66,48.93
2014-10-10,311.39,121.5,16.48,33.5,44.03,84.69,48.94
2014-10-13,306.45,120.45,16.4,32.689,43.65,83.37,48.37
2014-10-14,308.31,122.29,16.52,32.24,43.73,83.55,48.22
2014-10-15,305.97,120.19,15.76,32.8,43.22,82.95,47.92
2014-10-16,302.86,120.29,16.079,34,42.74,82.24,47.67
2014-10-17,303.64,123.24,16.21,34.16,43.63,83.27,48.07
2014-10-20,306.21,124.31,16.26,33.82,44.08,84.18,48.48
2014-10-21,315.33,127.12,16.6,34.74,44.88,84.61,48.69
2014-10-22,312.97,121.45,16.4,34.49,44.38,84.23,48.31
2014-10-23,313.18,122.03,16.6,34.94,45.02,83.23,48.22
2014-10-24,287.06,122.24,16.72,34.93,46.13,85.16,48.77
2014-10-27,289.97,122.12,16.59,35.3,45.91,85.95,49.42
2014-10-28,295.59,123.61,16.8,35.54,46.49,86.47,49.96
2014-10-29,294.12,123.08,16.99,35.38,46.62,86.54,49.83
2014-10-30,299.07,123.82,17.03,35.32,46.05,86.94,49.9
2014-10-31,305.46,124.91,17.16,35.88,46.95,87.27,50.25
2014-11-03,305.72,126.03,17.27,35.86,47.44,87.38,50.39
2014-11-04,302.81,125.84,17.21,35.9,47.57,88.64,50.33
2014-11-05,296.52,124.22,17.34,36.18,47.86,89,50.34
2014-11-06,296.64,124.58,17.36,36.15,48.7,88.9,50.28
2014-11-07,299.86,124.45,17.36,36.38,48.68,89.13,50.86
2014-11-10,305.11,124.64,17.37,36.9,48.89,89.45,50.72
2014-11-11,312.01,125.36,17.32,36.76,48.87,89.67,50.61
2014-11-12,311.51,125.87,17.29,36.51,48.78,89.48,50.82
2014-11-13,316.48,128.53,17.22,36.36,49.61,88.6,51.2
2014-11-14,327.82,128.86,17.14,36.92,49.58,88.11,51.5
2014-11-17,323.05,128.419,17.09,37.41,49.46,87.84,51.4
2014-11-18,324.93,130.66,17.14,37.5,48.74,87.95,51.22
2014-11-19,326.54,131.61,17.06,37.18,48.22,88.73,50.49
2014-11-20,330.54,131.7,17,36.93,48.7,88.47,50.19
2014-11-21,332.63,132.78,17.12,37.26,47.98,88.6,50.21
2014-11-24,335.64,134.61,17.18,37.5,47.59,88.11,49.5
2014-11-25,335.04,134.81,17.1,37.63,47.47,88.8,49.34
2014-11-26,333.57,134.78,17.11,39.16,47.75,88.88,50.04
2014-11-28,338.64,134.36,17.04,39.06,47.81,90.43,50.59
2014-12-01,326,132.39,16.79,38.56,48.62,90.08,50.03
2014-12-02,326.31,132.28,17.15,38.95,48.46,91.07,49.11
2014-12-03,316.5,131.97,17.29,39.05,48.08,90,48.79
2014-12-04,316.93,131.32,17.21,39.07,48.84,90.58,48.78
2014-12-05,312.63,132.21,17.68,39.55,48.42,90.38,48.61
2014-12-08,306.64,130.28,17.66,38.46,47.695,90.76,48.9
2014-12-09,312.5,129.66,17.56,38.2,47.59,90.71,46.92
2014-12-10,305.84,124.64,17.38,37.36,46.9,90,46.18
2014-12-11,307.36,123.37,17.47,38.47,47.17,90.41,46.36
2014-12-12,307.32,120.77,17.13,38.01,46.95,89.55,45.58
2014-12-15,306.07,122.08,16.85,37.61,46.67,89.2,45.42
2014-12-16,295.06,124.25,16.72,37.32,45.16,89.36,45.53
2014-12-17,298.88,125.06,17.26,38.65,45.74,90.7,46.44
2014-12-18,297.73,125.67,17.53,39.82,47.52,92,47.05
2014-12-19,299.9,126.23,17.62,39.9,47.66,92.05,47.02
2014-12-22,306.54,128.22,17.71,39.8,47.98,92.6,47.51
2014-12-23,306.285,130.03,17.93,40.36,48.45,93.29,47.67
2014-12-24,303.03,131.24,17.98,40.54,48.14,93.14,47.67
2014-12-26,309.09,131.63,17.98,40.7,47.88,93.46,47.86
2014-12-29,312.04,132.29,18.11,40.71,47.45,92.64,47.55
2014-12-30,310.3,131.83,18.13,40.72,47.02,92.4,47.33
2014-12-31,310.35,129.979,17.89,40.13,46.45,91.09,46.78
2015-01-02,308.52,129.949,17.9,40.24,46.76,90.44,46.96
2015-01-05,302.19,129.05,17.38,39.57,46.325,90.01,46.57
2015-01-06,295.29,127.53,16.86,39.27,45.65,89.6,47.04
2015-01-07,298.42,129.509,16.94,39.73,46.23,90.07,46.19
2015-01-08,300.46,131.8,17.29,40.68,47.59,91.1,47.18
2015-01-09,296.93,131.54,16.98,40.67,47.19,90.25,46.76
2015-01-12,291.41,130.87,16.68,39.92,46.6,89.92,47.08
2015-01-13,294.74,131.17,16.45,39.81,46.355,90.3,47.18
2015-01-14,293.27,130.38,16.04,39.46,45.955,89.99,46.97
2015-01-15,286.95,130.139,15.2,38.19,45.48,89.86,47.1
2015-01-16,290.74,130.78,15.38,38.34,46.24,91.25,47.99
2015-01-20,289.44,131.22,15.26,38.62,46.39,91.19,48.18
2015-01-21,297.25,132.41,15.41,38.57,45.92,90.73,48.25
2015-01-22,310.32,135.64,16.09,40.06,47.13,91.62,47.8
2015-01-23,312.39,134.62,15.73,40.08,47.18,90.08,47.15
2015-01-26,309.66,134.07,15.85,38.84,47.01,89.58,46.96
2015-01-27,306.75,132.48,15.63,37.36,42.66,86.49,46.35
2015-01-28,303.91,139.64,15.2,37.16,41.19,85.15,46.05
2015-01-29,311.78,147.78,15.43,37.74,42.01,85.67,46.11
2015-01-30,354.53,145.37,15.15,36.13,40.4,84.29,45.71
2015-02-02,364.47,146.26,15.46,36.47,41.28,85.12,46.98
2015-02-03,363.55,147.34,15.89,37.77,41.6,85.95,47.83
2015-02-04,364.75,147.22,15.79,37.9,41.84,85.79,47.8
2015-02-05,373.89,148.6,15.97,37.95,42.45,86.7,47.86
2015-02-06,374.28,148,16.49,37.95,42.41,85.61,49.33
2015-02-09,370.56,147.58,16.35,37.64,42.36,85.05,49.09
2015-02-10,372.995,148.04,16.42,37.89,42.6,85.39,49.51
2015-02-11,375.14,147.92,16.36,38.18,42.38,85.64,49.81
2015-02-12,377.17,148.09,16.67,38.37,43.09,86.03,49.52
2015-02-13,381.83,149.73,16.61,38.56,43.87,85.9,49.31
2015-02-17,375.43,149.92,16.63,38.53,43.58,85.49,49.18
2015-02-18,373.37,151.17,16.3,38.15,43.53,86.26,48.94
2015-02-19,378.995,153.75,16.21,38.38,43.5,85.21,48.91
2015-02-20,383.66,158.31,16.379,38.39,43.855,84.87,48.97
2015-02-23,380.14,154.74,16.2,38.19,44.15,85.39,48.77
2015-02-24,378.59,154.38,16.379,38.49,44.09,85.5,49.22
2015-02-25,385.37,153.01,16.49,34.67,43.99,85.46,49.2
2015-02-26,384.8,151.73,16.04,34.01,44.055,85.17,49.37
2015-02-27,380.16,150.85,15.81,34.84,43.85,85.13,49.45
2015-03-02,385.655,153.8,16.01,34.92,43.88,85.41,49.47
2015-03-03,384.61,155.57,16.04,34.57,43.28,85.16,49.55
2015-03-04,382.72,154.35,15.84,34.19,43.055,84.35,49.07
2015-03-05,387.83,154.47,16,34,43.11,84.63,48.92
2015-03-06,380.09,153.12,16.219,33.18,42.36,82.66,48.29
2015-03-09,378.56,154.75,16.17,32.95,42.85,83.09,48.23
2015-03-10,369.51,152.42,15.79,32.67,42.03,81.54,47.51
2015-03-11,366.37,151.17,16.11,32.61,41.98,81.39,47.68
2015-03-12,374.24,152.04,16.09,32.72,41.02,82.09,48.73
2015-03-13,370.58,151.57,16.09,32.43,41.38,81.83,48.84
2015-03-16,373.35,153.67,16.129,32.38,41.56,83.56,49.27
2015-03-17,371.92,154.51,16.09,32.43,41.695,82.85,48.95
2015-03-18,375.135,155.73,15.98,33.03,42.5,83.75,49.54
2015-03-19,373.24,154.11,15.61,32.84,42.285,83.38,49.3
2015-03-20,378.49,154.5,15.84,33.28,42.88,84.74,49.56
2015-03-23,375.11,152.81,15.72,33.45,42.855,84.86,49.64
2015-03-24,374.09,151.65,15.61,33.31,42.9,83.92,49.41
2015-03-25,370.96,148.23,15.41,32.2,41.46,83.01,48.73
2015-03-26,367.35,148.17,15.42,32.009,41.21,82.15,48.42
2015-03-27,370.56,148.85,15.31,31.49,40.97,82.31,48.56
2015-03-30,374.59,152.7,15.52,31.57,40.96,82.72,49.12
2015-03-31,372.1,150.08,15.39,31.16,40.655,81.94,48.63
2015-04-01,370.255,148.64,15.41,31.29,40.72,82.32,48.92
2015-04-02,372.25,149.28,15.54,31.4,40.29,82.43,49.47
2015-04-06,377.04,150.93,15.51,31.83,41.545,83.04,49.63
2015-04-07,374.41,152.32,15.46,31.42,41.53,82.39,49.27
2015-04-08,381.2,153.36,15.61,31.52,41.42,82.77,49.13
2015-04-09,383.54,153.42,15.71,31.55,41.48,82.89,49.01
2015-04-10,382.65,154.38,15.72,32.11,41.72,83.35,49.22
2015-04-13,382.36,153.24,15.8,32.7,41.76,83.43,49.04
2015-04-14,385.11,153.21,15.82,32.52,41.65,83.6,49.18
2015-04-15,383.45,152.43,15.64,33.04,42.255,83.51,49.39
2015-04-16,386.04,151.97,15.79,32.81,42.16,83.5,49.27
2015-04-17,375.56,149.6,15.56,32.53,41.615,82.53,48.9
2015-04-20,389.51,152.67,15.57,33.41,42.905,82.87,49.38
2015-04-21,391.18,153.33,15.5,33.21,42.635,83.08,49.17
2015-04-22,389.8,151.19,15.74,33.51,42.985,83.09,49.57
2015-04-23,389.99,149.87,15.69,33.38,43.34,80.95,50.05
2015-04-24,445.1,148.4,15.64,33.26,47.87,81,50.03
2015-04-27,438.56,147.8,15.56,33.07,48.03,80.6,50.08
2015-04-28,429.31,147.51,15.65,33.24,49.155,80.42,50.55
2015-04-29,429.37,146.15,15.98,33.32,49.06,79.85,50.47
2015-04-30,421.78,143.34,15.93,32.97,48.64,79.51,50.44
2015-05-01,422.87,144.67,16.11,33.8,48.655,80.29,50.41
2015-05-04,423.04,144.02,16.44,33.65,48.24,80.35,50.52
2015-05-05,421.19,142.91,16.35,33.16,47.6,80.07,50.09
2015-05-06,419.1,141.04,16.29,32.5,46.28,80.4,49.64
2015-05-07,426.88,141.49,16.239,32.82,46.7,80.2,49.73
2015-05-08,433.69,145.46,16.45,33.41,47.75,80.96,50.14
2015-05-11,432.85,145.89,16.49,33.7,47.37,80.27,49.8
2015-05-12,431.02,145.43,16.43,32.92,47.35,79.95,49.62
2015-05-13,426.87,145.62,16.47,33.3,47.625,79.7,49.73
2015-05-14,432.28,147.96,16.52,33.7,48.72,80.57,49.97
2015-05-15,426,146.88,16.35,33.6,48.295,81.05,49.79
2015-05-18,425.24,146.71,16.51,33.25,48.01,80.74,49.6
2015-05-19,421.71,147.05,16.77,33.4,47.58,80.83,49.55
2015-05-20,423.86,146.42,16.74,33.07,47.58,80.48,49.69
2015-05-21,431.63,147.35,16.73,33.83,47.42,80.41,49.9
2015-05-22,427.63,144.81,16.75,34.76,46.9,79.95,49.61
2015-05-26,425.47,142.8,16.5,33.38,46.59,79.14,49.42
2015-05-27,431.42,143,16.74,33.78,47.61,79.39,49.57
2015-05-28,426.57,142.33,16.67,33.65,47.45,79.33,49.54
2015-05-29,429.23,140.52,16.5,33.4,46.86,78.39,49.44
2015-06-01,430.92,141.25,16.55,33.76,47.23,78.85,49.22
2015-06-02,430.99,143.25,16.72,33.88,46.92,78.54,49.14
2015-06-03,436.59,143.81,16.93,33.96,46.85,78.56,49.08
2015-06-04,430.78,141.19,16.78,33.3,46.36,78.15,48.1
2015-06-05,426.95,140.73,17.19,32.92,46.14,77.43,47.23
2015-06-08,423.5,140.64,17.08,32.689,45.73,77.71,47.44
2015-06-09,425.48,140.1,17.31,32.58,45.65,78.9,47.34
2015-06-10,430.77,141.62,17.59,32.91,46.61,79.54,47.47
2015-06-11,432.97,142.96,17.49,32.52,46.44,79.41,47.76
2015-06-12,429.92,142.8,17.49,32.409,45.97,78.87,47.25
2015-06-15,423.67,142.29,17.47,31.71,45.475,78.12,47
2015-06-16,427.26,142.34,17.55,31.65,45.83,79.1,47.42
2015-06-17,427.81,143.43,17.37,32.21,45.97,80.08,47.27
2015-06-18,439.39,145.38,17.38,32.08,46.72,80.82,47.77
2015-06-19,434.92,145.13,17.17,31.8,46.1,80.54,47.46
2015-06-22,436.29,145.7,17.47,31.7,46.23,80.45,47.53
2015-06-23,445.99,144.43,17.67,31.63,45.91,79.79,47.77
2015-06-24,440.84,143,17.49,31.54,45.635,79.51,47.29
2015-06-25,440.1,142.45,17.37,31.21,45.65,79.39,47.44
2015-06-26,438.1,142.48,17.41,30.53,45.26,79.34,47.62
2015-06-29,429.86,138.73,16.89,29.97,44.37,78.32,46.77
2015-06-30,434.09,138.72,17.02,30.01,44.15,78.24,46.61
2015-07-01,437.39,140.73,17.22,30.52,44.445,79.72,47
2015-07-02,437.71,140.21,17.03,30.69,44.4,79.93,47.2
2015-07-06,436.04,140.52,16.94,30.57,44.39,80.05,47.04
2015-07-07,436.72,143.15,16.69,30.8,44.3,81.72,47.25
2015-07-08,429.7,141.92,16.25,30.45,44.24,80.99,46.58
2015-07-09,434.39,142.8,16.48,30.39,44.52,80.66,46.26
2015-07-10,443.51,144.48,16.7,30.65,44.61,80.95,47
2015-07-13,455.57,146.62,17.02,30.74,45.54,81.91,47.2
2015-07-14,465.57,147.75,17.13,30.51,45.62,82.04,47.41
2015-07-15,461.19,146.89,17.68,30.5,45.76,82.15,47.33
2015-07-16,475.48,148.49,17.95,30.35,46.66,82.3,47.83
2015-07-17,483.01,146.84,18.1,30.36,46.62,82.24,47.59
2015-07-20,488.1,146.72,18.12,30.45,46.92,82.19,48.1
2015-07-21,488,145,18.08,30.66,47.28,81.63,46.97
2015-07-22,488.27,146.47,18.45,30.77,45.54,80.83,46.45
2015-07-23,482.18,146.11,18.18,31.23,46.11,80.7,46.35
2015-07-24,529.42,144.06,17.9,30.81,45.94,80.29,46.04
2015-07-27,531.41,141.03,17.67,30.25,45.35,79.97,45.83
2015-07-28,526.03,141.81,17.88,30.27,45.34,80.23,45.89
2015-07-29,529,144.14,18.16,30.3,46.29,80.62,46.56
2015-07-30,536.76,143.01,18.13,30.62,46.88,77.39,46.67
2015-07-31,536.15,144.17,17.88,30.52,46.7,76.7,46.79
2015-08-03,535.03,143.69,17.77,30.02,46.81,76.4,46.97
2015-08-04,531.9,143.54,17.8,29.76,47.54,75.91,46.67
2015-08-05,537.01,144.95,17.87,30.3,47.58,75.77,46.64
2015-08-06,529.46,143.82,17.81,30.14,46.62,75.74,46.63
2015-08-07,522.62,142.42,17.75,29.41,46.74,75.48,46.36
2015-08-10,524,145.86,18.04,30.24,47.33,76.38,47.23
2015-08-11,527.46,144.05,17.79,29.32,46.41,76.22,47.6
2015-08-12,525.91,142.43,17.52,29.1,46.74,76.39,47.85
2015-08-13,529.66,144.81,17.62,28.45,46.73,75.78,47.66
2015-08-14,531.52,145.09,17.7,28.71,47,75.62,47.49
2015-08-17,535.22,144.44,17.77,28.61,47.32,75.53,47.52
2015-08-18,535.02,144.6,17.69,28.39,47.27,75.13,47.46
2015-08-19,532.92,142.72,17.46,27.74,46.61,74.12,47.44
2015-08-20,515.78,137.02,16.72,27.35,45.66,73.91,46.88
2015-08-21,494.47,131.71,16.1,27.47,43.07,71.84,46.1
2015-08-24,463.37,127.19,15.29,26.6,41.68,69.14,44.74
2015-08-25,466.37,125.49,15.26,25.69,40.47,68.42,43.5
2015-08-26,500.77,129.34,16.059,27.1,42.71,70.9,45.16
2015-08-27,518.37,131.87,16.44,27.79,43.9,71.48,46.19
2015-08-28,518.01,133.24,16.36,28.03,43.93,71.21,46.07
2015-08-31,512.89,130.68,16.34,28.06,43.52,70.67,46.01
2015-09-01,496.54,127.44,15.58,27.81,41.82,68.9,44.9
2015-09-02,510.55,130.63,15.85,28,43.36,69.81,45.35
2015-09-03,504.72,131.02,15.94,28.13,43.5,69.93,45.72
2015-09-04,499,129.759,15.65,26.99,42.61,68.76,44.82
2015-09-08,517.539,133.82,16.16,27.59,43.89,69.98,45.88
2015-09-09,516.89,132.65,15.9,27.26,43.07,68.48,45.39
2015-09-10,522.24,133.55,16.04,27.33,43.29,68.32,45.46
2015-09-11,529.44,134.67,16.04,27.15,43.48,68.42,45.73
2015-09-14,521.38,134.43,15.96,27.04,43.04,68.06,45.65
2015-09-15,522.37,136.3,16.309,27.11,43.98,69.45,46.37
2015-09-16,527.39,137.2,16.329,28.47,44.3,70.1,46.19
2015-09-17,538.87,137.45,15.86,27.57,44.25,70.24,45.23
2015-09-18,540.26,136.09,15.56,26.54,43.48,69.94,44.57
2015-09-21,548.39,136.02,15.7,26.44,44.11,70.65,44.8
2015-09-22,538.4,133.99,15.57,25.65,43.9,70.19,44.43
2015-09-23,536.07,131.67,15.72,25.49,43.87,70.26,43.98
2015-09-24,533.75,129.75,15.55,25.26,43.91,71.36,44.09
2015-09-25,524.25,131.009,15.89,25.01,43.94,72.67,44.22
2015-09-28,504.06,128.13,15.47,24.57,43.29,71.77,43.74
2015-09-29,496.07,128.75,15.35,24.65,43.44,72.28,43.53
2015-09-30,511.67,130.949,15.58,25.61,44.2,71.94,43.51
2015-10-01,520.72,130.61,15.55,25.35,44.61,71.95,42.96
2015-10-02,532.54,132.56,15.38,26.07,45.57,72.42,42.84
2015-10-05,543.68,134.02,15.69,27.18,46.63,73.22,44
2015-10-06,537.48,134.63,15.69,28,46.75,73.4,44.06
2015-10-07,541.94,137.02,15.75,28.01,46.8,73.72,43.85
2015-10-08,533.16,139.04,15.75,29.18,47.45,74.4,44.23
2015-10-09,539.8,139.7,15.58,29.3,47.11,74.48,44.16
2015-10-12,550.19,140.68,15.52,29.3,47,74.33,44.3
2015-10-13,548.9,140.29,15.52,29.23,46.89,74.11,44.36
2015-10-14,544.83,134.22,15.64,29.42,46.68,74.21,43.99
2015-10-15,562.44,137.39,16.19,28.77,47.01,74.27,44.67
2015-10-16,570.76,137.6,16.12,28.86,47.51,74.9,44.7
2015-10-19,573.15,138.42,16.14,28.98,47.62,75.16,44.7
2015-10-20,560.88,138.88,16.2,28.56,47.77,74.43,45.24
2015-10-21,555.77,141.19,15.9,28.23,47.2,73.59,44.86
2015-10-22,563.91,146.31,16.16,28.77,48.03,74.85,45.89
2015-10-23,599.03,146.7,16.52,29.03,52.87,77.03,46.16
2015-10-26,608.61,146.7,16.51,28.07,54.25,77.49,46.36
2015-10-27,611.01,148.46,16.4,27.45,53.69,77.29,46.17
2015-10-28,617.1,147.88,17.28,27.98,53.98,76.51,46.48
2015-10-29,626.55,147.18,17.09,27.37,53.36,77.02,46.4
2015-10-30,625.9,148.07,16.78,26.96,52.64,76.38,46.88
2015-11-02,628.35,148.4,17.06,13.83,53.24,76.6,46.78
2015-11-03,625.31,148.09,17.18,14.29,54.15,77.05,46.45
2015-11-04,640.95,148.19,17.01,14.14,54.4,77.06,46.14
2015-11-05,655.65,147.97,17.31,14.05,54.38,76.39,46.2
2015-11-06,659.37,147.94,17.95,14.01,54.92,75.57,45.78
2015-11-09,655.49,145.98,17.68,13.87,54.16,75.4,45.3
2015-11-10,659.68,145.15,17.85,14.12,53.51,75.77,45.1
2015-11-11,673.25,144.99,17.75,13.92,53.65,75.96,45.32
2015-11-12,665.6,142.54,17.37,13.31,53.32,74.66,44.83
2015-11-13,642.35,142.59,17.2,13.11,52.84,73.96,44.23
2015-11-16,647.81,144.42,17.43,13.35,53.765,75.3,45.04
2015-11-17,643.3,146.08,17.42,13.28,52.97,75.07,45.08
2015-11-18,663.54,148.28,17.84,13.64,53.85,75.9,45.38
2015-11-19,661.27,149.24,17.69,13.79,53.94,76.22,45.76
2015-11-20,668.45,149.4,17.65,14.06,54.19,75.82,45.39
2015-11-23,678.99,148.34,17.47,14.23,54.19,75.97,44.99
2015-11-24,671.15,148.65,17.47,14.64,54.25,76.45,45.19
2015-11-25,675.34,147.43,17.44,12.64,53.69,75.9,44.92
2015-11-27,673.26,146.95,17.48,12.61,53.93,75.7,45.23
2015-11-30,664.8,145.45,17.43,12.54,54.35,74.84,45.45
2015-12-01,679.06,147.74,17.81,12.74,55.22,75.94,45.58
2015-12-02,676.01,146.96,17.62,11.95,55.21,75.79,44.92
2015-12-03,666.25,145.56,17.3,12.15,54.2,75.74,44.56
2015-12-04,672.64,148.5,17.8,12.32,55.91,77.83,45.71
2015-12-07,669.83,148.45,17.54,12.15,55.81,78.37,46.06
2015-12-08,677.33,144.99,17.19,12.19,55.79,77.75,45.7
2015-12-09,664.79,144.24,17.1,12.11,54.98,77.7,45.36
2015-12-10,662.32,146.41,17.2,12.36,55.27,77.79,45.32
2015-12-11,640.15,144.62,16.73,12.21,54.06,77.78,44.82
2015-12-14,657.91,143,16.8,12.16,55.14,78.29,45.45
2015-12-15,658.64,146.53,17.42,12.21,55.2,79.68,45.55
2015-12-16,675.77,148.11,17.75,12.26,56.13,80.99,46.51
2015-12-17,670.65,145.56,17.3,11.9,55.7,80.29,46.1
2015-12-18,664.14,139.58,16.76,11.51,54.13,78.13,45.56
2015-12-21,664.51,140.9,16.97,11.43,54.83,78.95,45.9
2015-12-22,663.15,142.38,17.08,11.66,55.35,79.6,46.34
2015-12-23,663.7,144.06,17.34,11.75,55.82,79.92,46.95
2015-12-24,662.79,143.53,17.27,11.73,55.67,79.79,46.71
2015-12-28,675.2,144.54,17.13,11.63,55.95,79.92,46.75
2015-12-29,693.97,147.35,17.28,11.86,56.55,80.36,47.21
2015-12-30,689.07,146.41,17.05,11.84,56.31,80.07,46.77
2015-12-31,675.89,144.59,16.83,11.84,55.48,79.41,46.22
2016-01-04,636.99,140.5,16.43,11.6,54.8,78.37,45.87
2016-01-05,633.79,141.07,16.43,11.71,55.05,78.62,46.5
2016-01-06,632.65,138.83,16.079,11.29,54.05,77.86,45.52
2016-01-07,607.94,133.01,15.5,10.77,52.17,77.18,45.27
2016-01-08,607.05,129.99,15.2,10.58,52.33,75.97,44.83
2016-01-11,617.74,130.21,15.31,10.65,52.3,76.67,45.09
2016-01-12,617.89,131.92,15.31,10.82,52.78,76.51,44.93
2016-01-13,581.81,128.12,14.9,10.58,51.64,75.85,44.15
2016-01-14,593,129.199,14.99,10.62,53.11,76.15,44.87
2016-01-15,570.18,125.63,14.46,10.11,50.99,74.98,44.43
2016-01-19,574.48,126.06,14.24,9.76,50.56,76.73,44.87
2016-01-20,571.77,122.14,13.69,9.55,50.79,75.83,44.42
2016-01-21,575.02,123.4,13.36,9.94,50.48,76.72,45.87
2016-01-22,596.38,124.61,13.56,9.8,52.29,77.36,47.04
2016-01-25,596.53,124.01,12.96,9.49,51.79,76.85,47.03
2016-01-26,601.25,128.009,13.31,9.64,52.17,78.81,48.25
2016-01-27,583.35,116.58,13.36,9.62,51.22,78.8,49.03
2016-01-28,635.35,118.01,13.53,9.48,52.055,79.82,49.01
2016-01-29,587,120.13,14.14,9.71,55.09,81.69,49.97
2016-02-01,574.81,121.56,13.96,9.97,54.71,81.12,50.76
2016-02-02,552.1,117.52,13.23,9.88,53,80.22,49.91
2016-02-03,531.07,121.87,13.03,9.65,52.16,81.1,50.62
2016-02-04,536.26,123.61,13.25,9.86,52,80.7,50.43
2016-02-05,502.13,122.56,12.95,9.91,50.16,81.2,50.97
2016-02-08,488.1,119.47,12.27,9.37,49.41,82.62,50.74
2016-02-09,482.07,118.88,12.2,9.19,49.28,82.64,50.15
2016-02-10,490.48,116.36,11.98,9.28,49.71,81.62,49.98
2016-02-11,503.82,108.44,11.16,9.02,49.69,79.9,49.39
2016-02-12,507.08,108.63,11.95,9.42,50.5,80.99,50.11
2016-02-16,521.1,112.6,12.25,9.81,51.09,81.47,50.24
2016-02-17,534.1,116.34,12.56,10.08,52.42,82.45,50.32
2016-02-18,525,117.57,12.24,10.52,52.19,81.98,50.94
2016-02-19,534.9,115.16,12.13,10.32,51.82,81.79,50.86
2016-02-22,559.5,117.39,12.54,10.68,52.65,82.13,51.07
2016-02-23,552.94,116.9,12.16,10.31,51.18,81.81,50.63
2016-02-24,554.04,115.59,12.13,10.82,51.36,81.56,50.82
2016-02-25,555.15,116.82,12.32,10.34,52.1,82.34,51.11
2016-02-26,555.23,118.16,12.7,10.64,51.3,81.1,51.02
2016-02-29,552.52,118.18,12.52,10.69,50.88,80.29,50.73
2016-03-01,579.04,119.96,13.19,10.93,52.58,81.23,51.46
2016-03-02,580.21,119.65,13.41,10.9,52.95,82.55,52.12
2016-03-03,577.49,119.61,13.5,11.11,52.35,82.84,51.89
2016-03-04,575.14,121.07,13.54,11.18,52.03,83.49,51.81
2016-03-07,562.8,122.9,13.53,11.31,51.03,83.1,52.21
2016-03-08,560.26,122.35,13.06,11.05,51.65,83.06,52.46
2016-03-09,559.47,122.86,13.14,11.36,52.84,82.96,52.34
2016-03-10,558.93,122.94,13.27,11.42,52.05,82.28,52.32
2016-03-11,569.61,124.63,13.79,11.7,53.07,81.75,52.53
2016-03-14,573.37,126.34,13.64,11.47,53.17,81.17,52.54
2016-03-15,577.02,126.36,13.57,11.4,53.59,81.31,52.67
2016-03-16,574.27,127.57,13.31,11.62,54.35,81.34,53.21
2016-03-17,559.44,130.699,13.4,11.72,54.66,82.75,53.63
2016-03-18,552.08,133.96,13.79,12.18,53.49,83.15,53.24
2016-03-21,553.98,135.86,13.84,12.21,53.86,83.32,53.44
2016-03-22,560.48,135.12,13.76,12.26,54.07,82.74,53.21
2016-03-23,569.63,132.86,13.62,12.02,53.97,82.82,52.91
2016-03-24,582.95,132.12,13.68,12.07,54.21,82.89,53.56
2016-03-28,579.87,131.29,13.62,12.07,53.54,82.62,53.4
2016-03-29,593.86,130.88,13.42,12.28,54.71,82.8,54.05
2016-03-30,598.69,128.58,13.48,12.3,55.05,82.68,54.04
2016-03-31,593.64,126.94,13.52,12.32,55.23,82.31,54.08
2016-04-01,598.5,126.96,13.56,12.26,55.57,83.53,54.01
2016-04-04,593.19,126.34,13.51,12.1,55.43,83.21,54.42
2016-04-05,586.14,127.03,13.19,11.95,54.56,83.16,54.09
2016-04-06,602.08,127.93,13.27,12.28,55.12,83.81,53.52
2016-04-07,591.43,127,12.85,11.99,54.46,83.24,52
2016-04-08,594.6,127.88,12.88,12.06,54.42,83.2,52.18
2016-04-11,595.93,127.91,12.97,12.13,54.31,82.73,51.61
2016-04-12,603.17,129.47,13.27,12.22,54.65,82.83,51.95
2016-04-13,614.82,131.14,13.79,12.64,55.35,82.46,51.29
2016-04-14,620.75,130.85,14.14,12.55,55.36,82.01,51.36
2016-04-15,625.89,131.13,14,12.52,55.65,82.3,51.35
2016-04-18,635.35,131.97,14.17,12.67,56.46,82.83,51.73
2016-04-19,627.9,132.68,14.45,12.78,56.39,83.28,52.08
2016-04-20,632.99,130.57,14.93,12.8,55.59,81.55,51.75
2016-04-21,631,130.74,14.9,12.59,55.78,80.8,50.03
2016-04-22,620.5,131.05,15.11,12.61,51.78,80.95,50.55
2016-04-25,626.2,130.75,14.96,12.57,52.11,81.41,50.76
2016-04-26,616.88,133.24,15.09,12.73,51.44,79.55,50.44
2016-04-27,606.57,137.08,15.02,12.76,50.94,79.89,51.69
2016-04-28,602,134.8,14.79,12.57,49.9,79.76,51.02
2016-04-29,659.59,134.8,14.56,12.27,49.87,80.12,50.94
2016-05-02,683.85,134.01,14.77,12.12,50.61,80.97,51.32
2016-05-03,671.32,132.49,14.36,11.71,49.78,81.1,50.68
2016-05-04,670.9,130.889,14.13,11.59,49.87,81.6,50.84
2016-05-05,659.09,132.08,14.05,11.45,49.94,81.3,50.84
2016-05-06,673.95,133.26,14.11,11.59,50.39,82.13,51.12
2016-05-09,679.75,132.1,13.99,11.43,50.07,82.12,51.08
2016-05-10,703.07,134.72,14.3,11.61,51.02,82.48,51.54
2016-05-11,713.23,133,14.2,11.69,51.05,82.15,51.15
2016-05-12,717.93,134.42,14.14,11.56,51.51,82.41,51.47
2016-05-13,709.92,132.12,13.88,11.5,51.08,81.23,50.94
2016-05-16,710.66,134.14,13.93,11.64,51.83,81.63,51.23
2016-05-17,695.27,132.56,14.01,11.53,50.51,80.62,50.9
2016-05-18,697.45,130.99,14.69,11.57,50.81,79.85,50.39
2016-05-19,698.52,128.08,14.53,11.44,50.32,80.19,49.63
2016-05-20,702.8,127.39,14.52,11.66,50.62,80.02,49.66
2016-05-23,696.75,127.58,14.47,11.67,50.03,80.2,49.14
2016-05-24,704.2,127.5,14.68,11.91,51.59,80.97,49.58
2016-05-25,708.35,128.86,14.92,12.2,52.12,81.48,49.85
2016-05-26,714.91,129.31,14.7,13.04,51.89,81.22,50.16
2016-05-27,712.24,129.22,14.88,13.17,52.32,81.43,50.62
2016-05-31,722.79,126.15,14.79,13.38,53,81.04,50.9
2016-06-01,719.44,126.41,14.86,13.44,52.85,81.79,50.43
2016-06-02,728.24,126.85,14.94,13.54,52.48,81.95,50.77
2016-06-03,725.54,127.38,14.42,13.44,51.79,82.47,50.92
2016-06-06,726.73,131.9,14.52,13.67,52.13,82.77,50.71
2016-06-07,723.74,131.93,14.35,13.69,52.1,82.32,51.75
2016-06-08,726.64,133,14.43,13.87,52.04,82.65,51.52
2016-06-09,727.65,133.1,14.19,13.84,51.62,83.17,51.95
2016-06-10,717.91,131.14,13.83,13.5,51.48,83.2,52.67
2016-06-13,715.24,129.919,13.6,13.03,50.14,82.57,52.57
2016-06-14,719.3,130.5,13.26,13.05,49.83,83.35,52.99
2016-06-15,714.26,130.16,13.34,13,49.69,82.95,52.84
2016-06-16,717.51,129.37,13.31,12.98,50.39,83.41,53.46
2016-06-17,706.39,129.82,13.4,13.12,50.13,83.13,53.78
2016-06-20,714.01,132.75,13.54,13.07,50.07,83.04,53.76
2016-06-21,715.82,131.52,13.62,13.33,51.19,83.41,54.1
2016-06-22,710.6,131.77,13.61,12.61,50.99,83.57,54.03
2016-06-23,722.08,133.55,14.04,12.95,51.91,84.21,54.67
2016-06-24,698.96,126.52,13,12.26,49.83,82.26,54.43
2016-06-27,691.36,122.7,12.18,11.55,48.43,81.23,54.74
2016-06-28,707.95,123.89,12.7,11.79,49.44,82.46,54.82
2016-06-29,715.6,126.99,13.19,12.18,50.54,83.91,55.06
2016-06-30,715.62,129.87,13.27,12.55,51.17,84.67,55.84
2016-07-01,725.68,129.69,13.1,12.73,51.16,84.78,56.23
2016-07-05,728.1,126.97,12.74,12.36,51.17,85.44,56.53
2016-07-06,737.61,126.96,12.86,12.6,51.38,85.03,56.26
2016-07-07,736.57,127.17,13.01,12.85,51.38,84.83,55.38
2016-07-08,745.81,130.09,13.17,13.08,52.3,85.77,55.9
2016-07-11,753.78,132.04,13.21,13.16,52.59,85.75,55.93
2016-07-12,748.21,130.81,13.54,13.72,53.21,85.75,55.47
2016-07-13,742.63,130.11,13.44,13.81,53.51,85.89,56
2016-07-14,741.2,131.55,13.65,13.8,53.74,85.87,55.84
2016-07-15,735.44,132.39,13.66,13.85,53.7,86.01,55.84
2016-07-18,736.07,133.43,14.11,13.94,53.96,85.93,55.93
2016-07-19,739.95,134.66,14.26,14.05,53.09,86.17,55.7
2016-07-20,745.72,134.72,14.4,14.16,55.91,85.32,55.62
2016-07-21,744.43,133.53,14.27,14,55.8,85.26,55.37
2016-07-22,744.86,133.47,14.38,14.11,56.57,85.72,56.1
2016-07-25,739.61,132.94,14.37,14.16,56.73,85.8,55.87
2016-07-26,735.59,134.85,14.53,14.18,56.76,85.27,54.81
2016-07-27,736.67,135.96,14.63,13.99,56.19,84.46,55.32
2016-07-28,752.61,133.01,14.68,13.94,56.21,84.81,54.86
2016-07-29,758.81,133.66,14.49,14.01,56.68,85.59,55.41
2016-08-01,767.74,133.21,14.33,14.18,56.58,86.41,54.5
2016-08-02,760.58,131.6,14.13,14.06,56.58,86.76,54
2016-08-03,754.64,131.87,14.48,14.31,56.97,85.97,53.9
2016-08-04,760.77,131.21,14.48,14.15,57.39,86.05,53.93
2016-08-05,765.98,131.73,15.05,14.28,57.96,85.78,53.64
2016-08-08,766.56,132.19,15.13,14.26,58.06,85.76,53.59
2016-08-09,768.31,132.62,15.19,14.25,58.2,85.99,53.66
2016-08-10,768.56,132.28,14.81,14.19,58.02,86.31,53.81
2016-08-11,771.24,133,14.88,14.3,58.3,86.73,53.86
2016-08-12,772.56,133.1,14.91,14.28,57.94,87.04,53.65
2016-08-15,768.49,134.66,15.02,14.52,58.12,87.02,53.61
2016-08-16,764.04,135,15.17,14.41,57.44,86.58,52.76
2016-08-17,764.63,134.72,15.15,14.5,57.56,86.96,53.17
2016-08-18,764.46,135,15.16,14.51,57.6,87.44,52.87
2016-08-19,757.31,134.44,15.22,14.42,57.62,87.31,52.45
2016-08-22,759.48,134.99,15.18,14.37,57.67,86.85,52.55
2016-08-23,762.45,134.14,15.35,14.57,57.89,87.4,52.63
2016-08-24,757.25,133.29,15.4,14.4,57.95,87.31,52.53
2016-08-25,759.22,132.98,15.53,14.37,58.17,87.9,52.75
2016-08-26,769,132.23,15.79,14.39,58.03,87.58,52.07
2016-08-29,771.29,132.9,15.84,14.43,58.1,88.3,52.5
2016-08-30,767.58,130.81,16.19,14.38,57.89,87.54,52.27
2016-08-31,769.16,129.449,16.14,14.37,57.46,87.31,52.33
2016-09-01,770.62,129.9,15.98,14.5,57.59,88.31,52.56
2016-09-02,772.44,131.16,16,14.49,57.67,88.2,52.88
2016-09-06,788.87,132.99,15.78,14.63,57.61,88.64,53.51
2016-09-07,784.48,132.64,15.7,14.69,57.66,87.95,53.71
2016-09-08,784.06,132.9,15.86,14.63,57.43,87.78,53.6
2016-09-09,760.14,128.53,15.74,14.07,56.21,86.24,51.82
2016-09-12,771.49,130.12,15.9,14.49,57.05,88.25,52.57
2016-09-13,761.01,128.759,15.72,14.18,56.53,87.05,51.45
2016-09-14,761.09,127.67,15.63,14.27,56.26,87.01,51.49
2016-09-15,769.69,127.77,15.67,14.5,57.19,88.06,51.98
2016-09-16,778.52,126.7,15.49,14.53,57.25,88.05,51.88
2016-09-19,775.1,127.48,15.59,14.56,56.93,88.37,51.2
2016-09-20,780.22,127.79,15.6,14.54,56.81,88.58,51.27
2016-09-21,789.74,130.56,15.65,14.99,57.76,87.8,51.87
2016-09-22,804.7,131.87,15.6,15.12,57.82,88.99,52.35
2016-09-23,805.75,131.78,15.52,15.09,57.43,87.76,52.56
2016-09-26,799.16,130.57,15.09,15.02,56.9,87.85,52.15
2016-09-27,816.11,131.32,15.29,15.34,57.95,88.36,52.49
2016-09-28,828.72,132.23,15.38,15.49,58.03,89.46,52.06
2016-09-29,829.05,131.03,15.16,15.39,57.4,88.23,52.12
2016-09-30,837.31,131.74,15.65,15.53,57.6,89.75,51.98
2016-10-03,836.74,132.38,15.63,15.65,57.42,88.66,51.88
2016-10-04,834.03,132.25,15.8,15.36,57.24,88.35,51.26
2016-10-05,844.36,134.66,16.11,15.63,57.64,88.85,50.27
2016-10-06,841.66,134.42,16.219,15.6,57.74,89.22,50.26
2016-10-07,839.43,133.85,16.129,15.58,57.8,90,49.92
2016-10-10,841.71,135.84,16.3,15.59,58.04,89.06,50.19
2016-10-11,831,133.74,16.11,15.44,57.19,88.54,49.9
2016-10-12,834.09,133.16,16.03,15.35,57.11,88.57,50.3
2016-10-13,829.28,133.38,15.83,15.15,56.92,88.24,50.29
2016-10-14,822.96,133.5,16,14.48,57.42,88.43,50.28
2016-10-17,812.95,134,16.05,14.03,57.22,87.83,50.43
2016-10-18,817.65,135.1,16.26,14.21,57.66,87.45,50.27
2016-10-19,817.69,136.18,16.47,14.12,57.53,85.54,50.38
2016-10-20,810.32,135.84,16.56,14.1,57.25,84.93,49.14
2016-10-21,818.99,135.63,16.67,13.8,59.66,84.33,48.2
2016-10-24,838.09,137.45,16.77,13.97,61,84.1,48.21
2016-10-25,835.18,139.02,16.72,13.9,60.99,86.97,47.84
2016-10-26,822.59,145.54,16.87,13.91,60.63,87.4,47.63
2016-10-27,818.36,143.31,16.91,13.99,60.1,86.58,48.54
2016-10-28,776.32,143.01,16.68,14.09,59.87,86.84,48.21
2016-10-31,789.82,142.43,16.5,14.49,59.92,86.8,48.1
2016-11-01,785.41,142.41,16.61,14.35,59.8,86.85,47.66
2016-11-02,765.56,140.75,16.48,14.65,59.43,86.74,46.94
2016-11-03,767.03,140.02,16.48,14.54,59.21,86.6,46.87
2016-11-04,755.05,139.54,16.55,14.71,58.71,85.08,47.08
2016-11-07,784.93,143.03,17.01,15.05,60.42,86.56,47.46
2016-11-08,787.75,142.2,17,15.28,60.47,87.46,47.65
2016-11-09,771.88,145.09,17.97,15.57,60.17,85.93,47.86
2016-11-10,742.38,147.69,18.76,15.49,58.7,82.96,46.69
2016-11-11,739.01,148.52,19.02,15.82,59.02,83.58,46.69
2016-11-14,719.07,149.99,20.08,16.1,58.12,83,46.18
2016-11-15,743.24,148.11,20.16,15.87,58.87,83.62,47.37
2016-11-16,746.49,146.44,19.75,15.8,59.65,83.19,47.93
2016-11-17,756.4,145.33,20.08,15.89,60.64,83.07,47.84
2016-11-18,760.16,146.35,20,15.87,60.35,82,48.07
2016-11-21,780,147.02,20.33,16,60.86,82.64,48.31
2016-11-22,785.33,149.52,20.3,15.95,61.12,82.76,49.49
2016-11-23,780.12,149.74,20.56,14.87,60.4,82.68,50.23
2016-11-25,780.37,150.04,20.86,15.18,60.53,83.46,50.67
2016-11-28,766.77,149.77,20.3,15.08,60.61,83.07,51.12
2016-11-29,762.52,151.64,20.29,15.15,61.09,82.89,50.96
2016-11-30,750.57,150.56,21.12,15.4,60.26,82.46,49.9
2016-12-01,743.65,152.39,21.5,15.06,59.2,81.86,49.87
2016-12-02,740.34,152.25,21.23,15.12,59.25,82.4,49.81
2016-12-05,759.36,152.16,21.84,15.55,60.22,82.99,49.75
2016-12-06,764.72,152.24,22.16,15.6,59.95,82.91,50.36
2016-12-07,770.42,154.14,22.57,16.149,61.37,84.18,51.38
2016-12-08,767.33,155.39,22.95,16.16,61.01,83.5,51.13
2016-12-09,768.66,156.49,23.09,15.78,61.97,84.37,51.49
2016-12-12,760.12,157.16,22.61,15.83,62.17,85.13,51.76
2016-12-13,774.34,156.66,22.61,15.82,62.98,85.18,52.36
2016-12-14,768.82,154.47,22.67,15.61,62.68,84.37,51.63
2016-12-15,761,153.77,23.16,15.51,62.58,84.68,51.81
2016-12-16,757.77,154.5,22.66,15.05,62.3,84.68,52.27
2016-12-19,766,156.18,22.48,15.12,63.62,84.71,52.91
2016-12-20,771.22,156.39,22.71,15.08,63.54,84.57,53.12
2016-12-21,770.6,157.48,22.63,15.14,63.54,84.28,52.97
2016-12-22,766.34,157.46,22.54,15.14,63.55,84.47,53.65
2016-12-23,760.59,157.81,22.6,15.1,63.24,84.96,53.68
2016-12-27,771.4,157.48,22.61,15.21,63.28,84.6,53.64
2016-12-28,772.13,156.1,22.33,14.94,62.99,84.07,53.44
2016-12-29,765.15,155.69,22,14.94,62.9,84.35,53.74
2016-12-30,749.87,155.68,22.1,14.84,62.14,84.08,53.38
2017-01-03,753.67,156.97,22.53,14.85,62.58,84.2,54.58
2017-01-04,757.18,158.62,22.95,15.08,62.3,84.5,54.52
2017-01-05,780.45,158.71,22.68,15.07,62.3,85.06,54.64
2017-01-06,795.99,159.1,22.68,15,62.84,85.03,53.26
2017-01-09,796.92,158.32,22.55,14.68,62.64,84.4,52.68
2017-01-10,795.9,159.07,22.94,14.69,62.62,83.49,52.76
2017-01-11,799.02,159.4,23.07,14.94,63.19,83.75,52.46
2017-01-12,813.64,158.29,22.92,14.79,62.61,83.84,52.68
2017-01-13,817.14,158.83,23.01,14.77,62.7,84.01,52.55
2017-01-17,809.72,157.67,22.05,14.58,62.53,85.21,52.74
2017-01-18,807.48,158.32,22.63,14.58,62.5,84.93,52.25
2017-01-19,809.04,159,22.53,14.86,62.3,84.7,52.36
2017-01-20,808.33,159.53,22.64,14.73,62.74,87.45,52.72
2017-01-23,817.88,157.84,22.56,14.67,62.96,86.96,52.41
2017-01-24,822.44,160.55,22.95,15.17,63.52,87.86,50.12
2017-01-25,836.52,167.36,23.37,15.19,63.68,87.16,49.77
2017-01-26,839.15,169.12,23.44,14.79,64.269,86.6,49.12
2017-01-27,835.77,167.7,23.36,14.8,65.78,86.72,49.6
2017-01-30,830.38,165.57,22.95,14.84,65.129,86.75,49.37
2017-01-31,823.48,163.42,22.64,15.05,64.65,87.6,49.01
2017-02-01,832.35,163.97,22.89,14.99,63.58,87.33,48.39
2017-02-02,839.95,162.26,22.72,15.21,63.17,87.76,48.28
2017-02-03,810.2,162.4,23.29,15.27,63.68,87.41,48.58
2017-02-06,807.64,163.98,23.12,15.26,63.64,87.4,48.03
2017-02-07,812.5,166.5,22.9,15.43,63.43,88.01,48.04
2017-02-08,819.71,163.81,22.67,15.51,63.34,88.33,48.37
2017-02-09,821.36,164.28,23.12,15.64,64.06,88.67,48.81
2017-02-10,827.46,166.23,23.08,15.72,64,87.97,48.98
2017-02-13,836.53,168.03,23.4,16.04,64.72,88.31,48.55
2017-02-14,836.39,168.5,24.06,16.059,64.569,87.86,48.27
2017-02-15,842.7,169.3,24.58,15.98,64.53,91.12,48.08
2017-02-16,844.14,170.81,24.58,15.92,64.519,90.79,48.46
2017-02-17,845.07,172.71,24.52,15.95,64.62,91.09,49.19
2017-02-21,856.44,175.56,24.78,16.129,64.489,91.67,49.43
2017-02-22,855.61,175.36,24.79,16.2,64.36,91.44,49.67
2017-02-23,852.19,176.86,24.58,17.6,64.62,91.13,50.31
2017-02-24,845.24,177.44,24.23,17.65,64.62,91.05,50.6
2017-02-27,848.64,179.43,24.57,17.65,64.23,90.89,49.94
2017-02-28,845.04,180.23,24.68,17.37,63.98,91.07,49.63
2017-03-01,853.08,183.91,25.5,17.62,64.94,91.66,49.81
2017-03-02,848.91,182.99,25.23,17.32,64.01,90.91,49.98
2017-03-03,849.88,182.18,25.44,17.35,64.25,90.5,50.09
2017-03-06,846.61,180.93,25.25,17.3,64.269,90.37,50.03
2017-03-07,846.02,182.02,25.21,17.27,64.4,90.29,49.44
2017-03-08,850.5,181.74,25.26,17.32,64.989,90.14,49.16
2017-03-09,853,180.57,25.35,17.36,64.73,90.34,49.28
2017-03-10,852.46,178.7,25.31,17.39,64.93,91.07,49.35
2017-03-13,854.59,179.05,25.3,17.49,64.709,91.31,49.47
2017-03-14,852.53,178.73,25.32,17.47,64.41,91,49.36
2017-03-15,852.97,178.71,25.18,17.57,64.75,91.4,50.14
2017-03-16,853.42,178.19,25.22,17.65,64.64,91.44,50.04
2017-03-17,852.31,180.1,24.86,17.56,64.87,91,50.39
2017-03-20,856.97,179.39,24.44,17.56,64.93,91.22,50.24
2017-03-21,843.2,175.96,23.02,17.15,64.209,91.19,50.16
2017-03-22,848.06,176.98,22.94,17.23,65.03,90.99,49.71
2017-03-23,847.38,177.26,23.07,17.21,64.87,90.77,49.64
2017-03-24,845.61,175.82,23.12,17.23,64.98,90.57,49.68
2017-03-27,846.82,176.1,23.03,17.2,65.099,90.49,49.14
2017-03-28,856,177.36,23.48,17.26,65.29,90.76,49.3
2017-03-29,874.32,177.63,23.35,17.26,65.47,90.6,49.13
2017-03-30,876.34,177.98,23.87,17.65,65.71,90.2,49.06
2017-03-31,886.54,176.86,23.59,17.88,65.86,89.85,48.75
2017-04-03,891.51,176.65,23.59,17.59,65.55,89.68,49.18
2017-04-04,906.83,178.7,23.44,17.72,65.73,89.91,49.31
2017-04-05,909.28,177.08,23.17,17.69,65.56,89.97,49.02
2017-04-06,898.28,177.37,23.26,17.56,65.73,89.4,48.43
2017-04-07,894.88,178.85,23.16,17.37,65.68,89.23,48.66
2017-04-10,907.04,177.56,23.02,17.36,65.53,89.49,48.54
2017-04-11,902.36,178.57,22.92,17.54,65.48,89.8,48.7
2017-04-12,896.23,176.05,22.65,18.02,65.23,90.31,48.92
2017-04-13,884.67,175.62,22.34,18.2,64.95,90.03,48.62
2017-04-17,901.99,179.02,22.81,18.2,65.48,90.39,48.81
2017-04-18,903.78,177.85,22.71,18.22,65.39,90.8,49.22
2017-04-19,899.2,178.4,22.74,18.38,65.04,89.6,48.94
2017-04-20,902.06,179.3,23.07,18.52,65.5,89.33,48.41
2017-04-21,898.53,180.38,22.71,18.29,66.4,88.62,47.25
2017-04-24,907.41,182.06,23.63,18.54,67.53,89.55,47.05
2017-04-25,907.62,183.51,23.98,18.61,67.92,90,46.7
2017-04-26,909.29,181.71,23.89,18.63,67.83,87.74,47.36
2017-04-27,918.38,183.22,23.65,18.77,68.27,87.69,46.67
2017-04-28,924.99,184.83,23.34,18.82,68.46,87.33,45.91
2017-05-01,948.23,182.39,23.61,18.93,69.41,87.09,45.88
2017-05-02,946.94,183.44,23.53,18.9,69.3,86.22,45.91
2017-05-03,941.03,183.39,23.77,18.81,69.08,86.43,46.15
2017-05-04,937.53,183.07,23.85,18.79,68.81,86.45,45.88
2017-05-05,934.15,185.01,23.74,18.91,69,86.5,46.69
2017-05-08,949.04,186.02,23.96,19.31,68.94,86.55,46.63
2017-05-09,952.82,186.91,23.98,19.24,69.04,86.4,46.42
2017-05-10,948.95,183.18,24.15,19.36,69.31,86.49,46.38
2017-05-11,947.62,183.94,24.07,19.26,68.46,86.17,46.02
2017-05-12,961.35,183.25,24,19.3,68.38,86.19,45.84
2017-05-15,957.97,182.39,24.06,19.36,68.43,86.33,45.38
2017-05-16,966.07,182.7,23.99,19.47,69.41,86.24,45.31
2017-05-17,944.76,178.78,22.57,18.96,67.48,86.26,44.48
2017-05-18,958.49,177.4,22.74,18.78,67.71,85.87,45.04
2017-05-19,959.84,180.76,23.05,19,67.69,86.24,45.42
2017-05-22,970.67,183.67,23.04,19.11,68.45,86.21,45.48
2017-05-23,971.54,183.49,23.39,18.96,68.68,86.08,45.48
2017-05-24,980.35,185.25,23.36,19.01,68.77,86.5,45.04
2017-05-25,993.38,187.07,23.25,18.37,69.62,86.86,45.31
2017-05-26,995.78,186.59,23.24,18.47,69.96,87.25,45.32
2017-05-30,996.7,186.88,22.91,18.94,70.41,87.4,46.2
2017-05-31,994.62,187.63,22.41,18.76,69.84,88.09,46.64
2017-06-01,995.95,187.32,22.63,18.95,70.1,88.13,46.51
2017-06-02,1006.73,190.23,22.45,18.98,71.76,88.59,46.44
2017-06-05,1011.34,188.95,22.41,18.8,72.28,88.74,46.37
2017-06-06,1003,186.75,22.23,18.26,72.52,88.8,46.44
2017-06-07,1010.07,188.1,22.6,18.24,72.39,88.77,46.5
2017-06-08,1010.27,189.93,22.97,18.28,71.95,87.85,46.19
2017-06-09,978.31,190.03,23.67,17.8,70.32,88.16,46.72
2017-06-12,964.91,190,23.78,17.76,69.78,88.24,47.19
2017-06-13,980.79,191.09,23.77,17.74,70.65,88.06,46.46
2017-06-14,976.47,192.38,23.76,17.4,70.27,88.44,46.69
2017-06-15,964.17,195.45,23.54,17.27,69.9,89.38,46.64
2017-06-16,987.71,196.44,23.43,17.35,70,89.66,46.63
2017-06-19,995.17,199.08,23.91,17.69,70.87,89.86,46.57
2017-06-20,992.59,198.33,23.49,17.83,69.91,89.63,45.94
2017-06-21,1002.23,199.17,23.13,17.71,70.27,89.4,45.41
2017-06-22,1001.3,199.44,22.93,17.71,70.26,89.03,45.42
2017-06-23,1003.74,202.23,22.82,17.8,71.21,89.42,45.39
2017-06-26,993.98,199.98,22.89,18.16,70.53,89.36,45.75
2017-06-27,976.78,198.89,23.27,17.77,69.21,88.61,44.84
2017-06-28,990.33,199.62,23.88,18.03,69.8,88.37,44.84
2017-06-29,975.93,197.46,24.32,17.57,68.49,86.99,44.41
2017-06-30,968,197.75,24.26,17.48,68.93,87.15,44.66
2017-07-03,953.66,198.59,24.68,17.56,68.17,87.74,45
2017-07-05,971.4,201.81,24.92,17.65,69.08,87.67,44.65
2017-07-06,965.14,201.48,24.71,17.19,68.57,87.37,43.52
2017-07-07,978.76,202.37,24.83,17.35,69.46,87.65,43.48
2017-07-10,996.47,203.96,24.89,17.87,69.98,87.09,43.2
2017-07-11,994.13,206.27,24.6,17.94,69.99,86.77,42.89
2017-07-12,1006.51,206.44,24.35,18.04,71.15,86.96,43.22
2017-07-13,1000.63,206.23,24.62,18.08,71.77,86.7,43.49
2017-07-14,1001.81,208.51,24.21,18.42,72.78,87.1,43.56
2017-07-17,1010.04,209,24.02,18.47,73.35,87.55,43.66
2017-07-18,1024.45,208.24,23.9,18.39,73.3,88.64,43.36
2017-07-19,1026.869,210.88,24.06,18.7,73.86,88.35,43.45
2017-07-20,1028.7,210.28,23.94,18.94,74.22,88.6,44.22
2017-07-21,1025.67,212.14,23.8,19.15,73.79,88.61,44.23
2017-07-24,1038.95,212.18,23.91,19.24,73.6,88.18,43.71
2017-07-25,1039.869,212.46,24.48,19.41,74.19,89.14,43.98
2017-07-26,1052.8,233.45,24.21,19.26,74.05,89.3,44.4
2017-07-27,1046,241,24.11,19.21,73.16,90.68,47.81
2017-07-28,1020.04,241.27,24.03,19.17,73.04,90.21,47.94
2017-07-31,987.78,242.46,24.12,19.1,72.7,90.82,48.4
2017-08-01,996.19,239.44,24.45,19.14,72.58,91.1,48.89
2017-08-02,995.89,237.95,24.59,19.1,72.26,91.04,48.21
2017-08-03,986.92,238.25,24.37,19.36,72.15,90.86,48.61
2017-08-04,987.58,237.71,24.97,19.37,72.68,90.67,48.91
2017-08-07,992.27,240.23,24.96,19.32,72.4,91.44,48.86
2017-08-08,989.84,239.5,24.9,19.32,72.79,91.58,48.6
2017-08-09,982.01,234.31,24.74,19.32,72.47,91.92,48.22
2017-08-10,956.92,232.88,24.12,18.9,71.41,91.74,48.02
2017-08-11,967.99,234.88,23.86,18.9,72.5,91.34,48.06
2017-08-14,983.3,237.15,24.42,19.1,73.59,91.65,48.78
2017-08-15,982.74,239.17,24.47,19.04,73.22,92.2,48.48
2017-08-16,978.18,237.59,24.19,18.97,73.65,92.44,48.41
2017-08-17,960.57,235.59,23.64,18.64,72.4,92.07,47.89
2017-08-18,958.47,235.77,23.62,18.51,72.49,92.47,47.69
2017-08-21,953.29,235.68,23.38,18.57,72.15,92.86,48.14
2017-08-22,966.9,239.75,23.83,19.02,73.16,92.79,48.35
2017-08-23,958,238.09,23.76,18.86,72.72,92.44,48.28
2017-08-24,952.45,238.74,23.84,19.41,72.69,92.27,48.31
2017-08-25,945.26,235.89,23.77,19.31,72.82,92.51,48.68
2017-08-28,946.02,237.18,23.72,19.18,72.83,92.47,48.61
2017-08-29,954.06,240.49,23.58,19.21,73.05,92.32,48.51
2017-08-30,967.59,240.46,23.87,19.17,74.01,91.87,48.12
2017-08-31,980.6,239.66,23.89,19.08,74.77,92.27,47.97
2017-09-01,978.25,240.33,24.09,19.36,73.94,92.53,47.92
2017-09-05,965.27,237,23.31,19.24,73.61,92.72,47.36
2017-09-06,967.8,234.62,23.41,19.37,73.4,92.72,46.91
2017-09-07,979.47,236.31,22.97,19.28,74.34,92.97,46.2
2017-09-08,965.9,238.78,22.89,19.12,73.98,92.84,46.11
2017-09-11,977.96,240.59,23.36,19.32,74.76,93.99,46.3
2017-09-12,982.58,240.58,23.95,19.48,74.68,93.51,46.79
2017-09-13,999.6,241.93,24.33,19.28,75.21,93.55,47.25
2017-09-14,992.21,245.23,24.24,19.46,74.77,93.55,47.18
2017-09-15,986.79,249,24.38,19.47,75.31,93.27,47.86
2017-09-18,974.19,253.08,24.7,19.59,75.16,93.15,48.09
2017-09-19,969.86,252.46,24.86,19.49,75.44,94.17,49.34
2017-09-20,973.21,255.46,25.06,19.6,74.94,94.4,49.48
2017-09-21,964.65,256.04,25.16,19.77,74.21,92.64,48.94
2017-09-22,955.1,256.45,25.02,19.94,74.41,92.24,49.9
2017-09-25,939.79,254.32,24.76,19.85,73.26,92.72,49.9
2017-09-26,938.6,253.7,24.81,19.88,73.26,92.65,49.51
2017-09-27,950.87,255.28,25.41,19.87,73.85,90.87,49.51
2017-09-28,956.4,254.27,25.45,19.97,73.87,90.89,49.41
2017-09-29,961.35,254.21,25.34,19.96,74.49,90.98,49.49
2017-10-02,959.19,255.99,25.62,20.12,74.61,91.77,49.36
2017-10-03,957.1,255.46,25.86,20.09,74.26,92.12,49.85
2017-10-04,965.45,255.76,25.71,20.26,74.69,92.42,49.9
2017-10-05,980.85,258.89,26.13,20.35,75.97,92.03,49.77
2017-10-06,989.58,258.579,26.21,20.58,76,92.33,48.81
2017-10-09,990.99,258.39,25.85,20.57,76.29,92.12,49.05
2017-10-10,987.2,260.93,25.93,20.57,76.29,91.62,49.14
2017-10-11,995,261.44,25.83,20.41,76.42,91.46,48.86
2017-10-12,1000.93,261.91,25.45,20.4,77.12,92.15,48.35
2017-10-13,1002.94,260.74,25.83,21.71,77.49,93.04,47.86
2017-10-16,1006.34,259.75,26.24,21.79,77.65,93.14,48.09
2017-10-17,1009.13,258.62,26.2,21.55,77.59,92.8,48.4
2017-10-18,997,260.04,26.48,21.72,77.61,92.77,48.65
2017-10-19,986.61,259.04,26.58,21.96,77.91,91.59,49.21
2017-10-20,982.91,264.75,27.17,22.02,78.81,88.25,49.53
2017-10-23,966.3,262.32,27.16,22.12,78.83,87.3,48.99
2017-10-24,975.9,266,27.68,21.95,78.86,86.98,48.94
2017-10-25,972.91,258.39,27.635,21.68,78.63,86.84,48.66
2017-10-26,972.43,259.269,27.74,21.52,78.76,87.5,48.89
2017-10-27,1100.95,256.459,27.8,21.5,83.81,87.04,48.87
2017-10-30,1110.85,259.25,27.6,21.39,83.89,86.27,47.83
2017-10-31,1105.28,257.98,27.39,21.55,83.18,86.34,47.87
2017-11-01,1103.68,258.5,27.53,21.47,83.18,86.89,47.83
2017-11-02,1094.22,262.63,27.87,21.44,84.05,86.51,47.46
2017-11-03,1111.6,261.75,27.82,21.47,84.14,86.58,47.42
2017-11-06,1120.66,264.07,27.75,21.44,84.47,86.05,45.53
2017-11-07,1123.17,266.13,27.18,21.38,84.27,86.98,45.57
2017-11-08,1132.88,265.57,26.79,21.42,84.56,87.58,45.46
2017-11-09,1129.13,262.7,26.49,21.34,84.09,87.78,45.07
2017-11-10,1125.35,260.85,26.51,21.23,83.87,88.16,44.88
2017-11-13,1129.17,262.42,26.4,21.17,83.93,89,44.75
2017-11-14,1136.84,261.76,26.24,21.36,84.05,88.87,44.22
2017-11-15,1126.69,262.86,26.79,21.36,82.98,88.23,44.11
2017-11-16,1137.29,263.7,26.76,21.57,83.2,89.25,44.77
2017-11-17,1129.88,262.26,26.62,21.75,82.4,88.43,45.42
2017-11-20,1126.31,264.63,26.74,22.12,82.53,88.27,46.2
2017-11-21,1139.49,266.99,26.73,22.46,83.72,88.72,46.18
2017-11-22,1156.16,265.15,26.66,21.34,83.11,88.33,47.1
2017-11-24,1186,265.88,26.59,21.24,83.26,88.45,47.01
2017-11-27,1195.83,265.58,26.59,21.25,83.87,88.96,47.66
2017-11-28,1193.6,267.99,27.64,21.66,84.88,89.4,48.82
2017-11-29,1161.27,269.3,28.28,21.43,83.34,89.38,49.9
2017-11-30,1176.75,276.8,28.17,21.45,84.17,89.99,50.89
2017-12-01,1162.35,271.38,28.1,21.41,84.26,90.36,51.25
2017-12-04,1133.95,277.97,29.06,21.08,81.08,91.41,51.72
2017-12-05,1141.57,275.54,28.93,21.07,81.59,91.4,50.92
2017-12-06,1152.35,278.27,28.64,21.02,82.78,91.25,50.68
2017-12-07,1159.79,281.97,28.78,20.97,82.49,90.1,50.42
2017-12-08,1162,285.9,29.05,21.07,84.16,90.37,51.09
2017-12-11,1168.92,283.16,28.94,21.3,85.23,90.23,51.84
2017-12-12,1165.08,289.94,29.32,20.98,85.58,89.85,53.19
2017-12-13,1164.13,291.84,28.84,20.85,85.35,90.88,52.89
2017-12-14,1174.26,293.88,28.73,20.74,84.69,91,52.34
2017-12-15,1179.14,293.94,29.04,20.92,86.85,91.89,52.67
2017-12-18,1190.58,296.14,29.48,21.29,86.38,91.88,53.25
2017-12-19,1187.38,297.25,29.45,21.42,85.83,91.68,52.83
2017-12-20,1177.62,297.9,29.48,21.46,85.52,91.53,52.77
2017-12-21,1174.76,295.03,29.82,21.25,85.5,91.67,53.01
2017-12-22,1168.36,295.1,29.88,21.26,85.51,92.13,53.19
2017-12-26,1176.76,295.36,29.78,21.23,85.4,92.48,53.22
2017-12-27,1182.26,295.62,29.73,21.27,85.71,92.1,53.28
2017-12-28,1186.1,296.35,29.8,21.15,85.72,92.07,53.43
2017-12-29,1169.47,294.91,29.52,21.01,85.54,91.88,52.93
